-- phpMyAdmin SQL Dump
-- version 5.2.1
-- https://www.phpmyadmin.net/
--
-- Host: localhost:3306
-- Generation Time: Aug 05, 2024 at 12:33 PM
-- Server version: 8.0.37-cll-lve
-- PHP Version: 8.3.8

SET SQL_MODE = "NO_AUTO_VALUE_ON_ZERO";
START TRANSACTION;
SET time_zone = "+00:00";


/*!40101 SET @OLD_CHARACTER_SET_CLIENT=@@CHARACTER_SET_CLIENT */;
/*!40101 SET @OLD_CHARACTER_SET_RESULTS=@@CHARACTER_SET_RESULTS */;
/*!40101 SET @OLD_COLLATION_CONNECTION=@@COLLATION_CONNECTION */;
/*!40101 SET NAMES utf8mb4 */;

--
-- Database: `uitilneuxt_Syncro`
--

-- --------------------------------------------------------

--
-- Table structure for table `companies`
--

CREATE TABLE `companies` (
  `company_id` int NOT NULL,
  `company_name` varchar(255) NOT NULL,
  `address` varchar(255) NOT NULL,
  `city` varchar(100) NOT NULL,
  `state` varchar(100) NOT NULL,
  `postal_code` varchar(20) NOT NULL,
  `country` varchar(100) NOT NULL,
  `phone` varchar(20) NOT NULL,
  `email` varchar(100) NOT NULL,
  `logo` longblob NOT NULL,
  `created_at` timestamp NOT NULL DEFAULT CURRENT_TIMESTAMP
) ENGINE=InnoDB DEFAULT CHARSET=utf8mb4 COLLATE=utf8mb4_0900_ai_ci;

--
-- Dumping data for table `companies`
--

INSERT INTO `companies` (`company_id`, `company_name`, `address`, `city`, `state`, `postal_code`, `country`, `phone`, `email`, `logo`, `created_at`) VALUES
(1, 'Variety Store', '1935 Main Street', 'London', 'ON', 'N6G 0T8', 'Canada', '123456', 'admin@evarietystore.com', 0x89504e470d0a1a0a0000000d4948445200000200000002000806000000f478d4fa0000000473424954080808087c086488000000097048597300000ec400000ec401952b0e1b0000001974455874536f667477617265007777772e696e6b73636170652e6f72679bee3c1a0000200049444154789cecdd77785555d6c7f1ef4d02a10a8aa074a48a08b641ac0852a484de5550906a41c5820ebe3338f62e2a28764104e94540100181515450aa0a284529d25b808494fbfe71646c949b9c7dda3dbfcff3f0cc8c43d6d96ac85e779fb5d702111111111111111111111111111111111111111111111111111111111111111111111111111111111111111111111111111111111111111111111111111111111109ab02400be03560097018d80dac029e06cef76e698115b5f94b4444c411a5813ec034ac0dff649b5106f02c90cf9395069312001111f18d1ac0406011904dce37a55940b2ebab0e2625002222e2996347fbaf035bb0bf29458121aefe1d04971200111171554e8ef673f32b03a8eedadf4d702901101111c7d93ddacfe9af67dcf9db0a3425002222629c1347fb39f9b5dcf9bfc5c05302202222469400ba01638183b8bfe9fff1d72e87ff5ee3811280004bf27a0122126a11e0122005ebd3fe45bffd353fc8ebf502449ca4044044dc961fb8126bc36f0b94f1763927b4cfeb05883849098088b8a104d004eb937e53a090b7cb89c936af1720e224250022e2941afc7eb47f05fe39da8fd556af1720e224250022624a508ef663a50440e29a120011b1238847fbb1d22b00896b4a004424a7827eb41f2b250012d7940088c8a9c4dbd17eacf40a40e29a120011399e783eda8f954e0024ae2901109163c272b41f2b9d00485c0bfb1f7091300bebd17e2c32807c584387e4c4ecb6f3d51ee4219d0088844b69ac4ff9294003ac24202e442270e1b9679152af22e54b9d46cfff9b6527dc76b4f94b9c53022012ffe2f6683f5f7212575e549ae6d754a475c32a943dbb30003316acb71b5ac7ff12f7940088c49fb83eda2f7e7a7eaebbea1c9ad7abc4755756a070c1bfcfecf975e721bb8f510220714f0980487c88ebaafdea958a91724d259a5f53912b2e2a4de41467185b77a6da7da41200897b4a0044822b7447fbb1da66ff0440570025ee29011009960b80de406ba094c76b31aa54894234ad5b91946b2a72ed65e528902f4fae63197805f0abdd00227ea704402418f2032f00bd80048fd762c41fabf69b5f53898bcf3beb9447fbb1dab64baf00444e45098088ffe5076600f53c5e876df99393b8f6b27234bfa612cdaea948e912ce942a6cdba1570022a7a20440c4ff5e20c09bbfc9a3fd58646747d9be5bb700444e45098088bf5d8075ec1f184e1eedc762e7de236464daeae19301ec34b41c11df520220e26fbd09c03b7fb78ef663f1abfd2b80ea0228a1a00440c4dfea7bbd801371fb683f565b75055024264a0044fcad82d70b38c6eba3fd58193801d0fb7f0905250022fee6e9166bb7218f17b6ecb09d006c31b18e5caa09f4c41ad4540128e8e15adc60779aa0d30e011b8139c09bc02a4f5763981200117fdb089cebe603fd7ab41fab5f7705b2095032d66d8f3e04a0e623440a6275dcac01dc0ebc060c008e7ab92853940088f8db5c5c48008a9f9e9fbe9d2ff4f5d17eac02d803201998898feb3d048044e036a03ad6bc8dc02701ca3445fc6d382e54a4efda7784cddb53a95cbe68a0377f086417c017d1e61f24d702cf79bd0813940088f8db0ae075a71f128dc23b135772519bf798b568a3d38f7354c04e006a625df59460e987f55a20d0940088f8df00609e1b0ffae5d783b4b87502bdfe358bfda9e96e3cd2a8007601ec897e0e075122708bd78bb04bdf7822fe770468860b2701609d06bc3b691517b60ede694000bb003674f159625623af1760971200916048c3aa106f02fce2c603376f3f484abf0974b9671a7bf6a7b9f148dbb6d9bf02f82bee76012ce7e2b3c4acf25e2fc02e250022c1320b381feb34c0953bd4e367afe5c236ef326dde4f6e3cce96adf69b00b97d03c0bb9ec96297ff9b629c82120091e03980751ad00cd8ecc603b7ed3c44dbfe93b9fdd139768fd81db5dd7e0f00b50196d0500220125c1f639d06bcedd603877fb89c16fd26723423cbad47e688e60088c44e098048b0edc7aa466e8a4ba7019f2edec4c0e716b8f1a81cdba639002231530220121f3ec6ba97ec4a6dc0aba3bf65edc63d4e3f26c7b6da2f02540220a1a10440247eb8561b90951de5b50f973bf9885c31300740af002434940088c41f574e033efbda95db8839b275bb4e004462a50440243e1d3b0d688a437d03366ed9ef44d85cb3ba001eb61b4609808486a6018ac4b75958fde69f077a980c9c9dedaf51ee3bf71e2133cb7617c05d8696e38ac16bfdf5ef206806570df8e42b9b74022012ff8edd1418603268a572a79b0c67dbaff66f006cc7dd2e80229e520220120ee5817b4c06acfb8f3226c3d9a61e002239a3044024fe15c32a0c2c6d2a6024027d3b5d602a9c11064e00f4fe5f42450980487ccb0f4c01ce3519f4ceae9750b5c2192643dab6c57e0f802d26d62112144a0044e257123016b8d264d0cb2f2cc5a3775e6d32a411067a00fc6a621d2241a10440243e4580d780149341ab572ac6e457da909c37d1645823d405502467940088c4a747b02aff8d2955a210d386b5e58c22f94c8635669bfd22402500122a4a0044e24f1f6090c980450a25336d585bca973acd6458a3b6d93f01d02d000915250022f1a52530d464c07cc9494c1eda9a5ad58a9b0c6b94ba008ae49c120091f85117f81030f6823e2121c2bb8f37e5aa8bfd75e7ffaf76ec391cba2e802276290110890fe7039301a32fe89fbbbf1eed1a573519d211bfda7fffff2bea022821a3044024f8ca003300a3bd791fea7b39b7df70b1c9908ed96abf0990deff4be828011009b662c06ca0acc9a03ddad5e4dfb75d6132a4a30c1400eafdbf848e120091e03ad6e5afbac9a0cdafa9c8d0ff6b6832a4e3b6d96f02a404404247098048302502a330dce5af76cdb319f54c0a4989c1fad160a007805e0148e82479bd0011c9b108301c686332e8b915cf60dab0b614cc9fc764d83f59b976276f8c5fc1675fffc2cf5b0f9091994dc5b245b9b64e397ab6afc5f955cecc555c43458026d4047a020d800a404143718f2becf3ec7d207a8affff10b0119803bc09ac727a4139a1ef1e91e0790478c864c0d2250ab1e0fd2e942be94ca39ff4a359dcf3f43cde18b782ecece3ffcc4c4888d0bd6d4d9ebaa72e450a25e728fe15d78fe2eb95b6f6f0e6588594b9950cbc80d5842958c727e2962cacf6dc0380a31eaf05d037aa48d0dc8ae1cdbf68e1643e7aad9d639bffe1b40c5adc3a91e11f2e3fe1e60f56339fb7c6afe0c2d6ef316bd1c61c3d63db0e4f5f01240333817ee867aa9c5822701bd6f74a5e8fd702e89b5524485a022f990c982f398949afb4cef5d1fba9646466d379c034e67df973cc5fb379fb4152fa4da0cb3dd3d8b33fed94bf3f3b3b6a6212a09d51c02f02f5ed2e4042e35ae039af17014a00448222705dfea251e83b783633176ec8d5d78f9fbd960bdbbccbb4793f9df4f779dc05b026d0dbcec32594fa0135bc5e84120011ffab4100bbfcddfbcc7c464c596d2bc6b69d8768db7ff2494f03b6d96f0264a70b604ff47354722e11c3d33a7343dfb822fe5606eb9d61a0bafc3d3cf4735e1ab9d458bc939d06787c0530580d13c44f1a79bd00250022fe15c82e7faf8d59c6a3af7d613cee894e033cee0258ceeec325b4ca7bbd00250022fe14c82e7fa3677ccf9d4fcc752c3efcfd34c0e32e8085ec3e5c42abb0d70b50232011ff49c22af833dae5eff20b4bf1c1b3ce75f99bb97003b70cfaf8a457fd4c39761a70739bf3494fcfb21bce5413209140512320117f89006f60b840a87aa562cc7faf336714315a47f83f5faed8c6753dc771e8488623f11dd613782b975feb7cb623f1ccd33d58af0044fce5110c6ffea54a1462dab0b68e6dfeabd6eda245bf8941ddfc41838024a4940088f8471f6090c980450a25336d585bca9772a6cbdffa5ff6d1accf78f61e3875c31e1fd320200925250022fed012186a3260bee424260f6d4dad6ac54d86fd9f1d7b0e93d26fa2896b785ed309808492120011ef05aecbdffed4749af599c0ba4d7b1d89ef223b5d0045024d098088b702d7e5ef487a26ad6f9bccf21f763812df6576ba008a049aae014a4e9d8ff5aeba21d6bcf32ce067e053ac5197f67abf864b39601686bbfc0dea7399635dfe3232b3e978d754167db3d991f81ef0f40ae0e0b5ba44106483ab06fb229d4e002456c958efa89703b703e7627d6a2d88d5ace6766025d6b4bafc1ead31488a011f03a54d06b5bafc196d1ff03fd9d9517a0c9ac9c78b7237dcc7a7f4fe5f424b0980c4a22830076b16fdc9be6722c01dc067402917d6155405806918eef29752af1243ffaf2111873e94dcf5e45cc6ccf8c174d8c3c038d3417340370024b49400c8a99400e60157e5e06b6a035ffff69ff26789c0fbc0e52683d6ae7936ef3fdddcb12e7f0f0ffd9c57472f331d3603e8f8dbaf26c02fa61f10832d1e3c53c4179400c8c99403160217e6e26b4b010b801b8cae28d822c070a08dc9a0d52b15e3a357db51307f1e9361ffc7a1e13e51a03730fdb7ff3d0babbee475dcedaea71300092d25007222e7028b003ba5e4f98091c093e87b0de03f04accb9f83c37dee01defdcb5f3b805560da14f74e03540320a1a51fca723c17637d7a37318636020c04c660bdfb0eab3ec04326033adde56fce179be8f9d02c2786fb3c0cbc7092ffdfcdd3009d004868290190bfaa0bcc054cb78feb00fc17c3b3ed0322705dfebe5cb18df6774ee16886ed497b7f350c181cc3ef73eb34402700125a4a00e48f9a635d4d2be250fc0b812f804b1c8aef47c6bbfc25264418f16433c7bafcad5cbb9394be139c18ee331aeb96484ecc026a026f9b5e0cea022821a704408ee90c4cc2f93bfca5b16a0bc2501ce84897bf67efaf479b86554c86fc9ff5bfeca379df09ec3b986e3af41ca03bb9ebbab71fab76c2f44d8165b95c8f485c500220007d8151803365e47f77ac38f05f783c0fdb4181ebf2b76de7219af41eefc4709fcf815680ddacc2f469c042437144024909800cc47a2febf6f74204ab18ec43e2af38d0b12e7f836f77a6cbdffed4745adc3a910d9bf79b0ebd0a6881d5f0c70453a7011958dff722a1a50420bc22c0d35857f4bcfc14de01984ffc740e2c004cc5a12e7f4e389c9641cb5b273931dc673dd018d8633a30f64f0386023f995b8e48f0280108a744ac8634f779bd90dfc44be7c0635dfeae3019d4c92e7f1999d9741e308dcfbf35de106f075605bf93d7ec727b1af011fef9de17f18c1280f0c90b7c00f4f27a217f510aeb24a083c7ebc8ad08d63444a35dfecead7806d386b575a4cbdfb1e13e33171a1feeb30f6804ac351df8048e9d060c07324ff2fb3281a7b0bec74ef6fb4442410940b81400a660f55ef7a302583501412c0e7c18e8693260e9128598fe5a3b8a1575e6628683c37d5a002b4c073e85fd58c5acd5801781afb07a09ecc49a60f9047001f00090e6f2da447c29c9eb05886b8a624da0cbc9501f2f1c2b0e3c1fb81973c5634eea03fc9fc980450a253375585bca9574a6cb9fc3c37d16990e9c03eb81bb3d7cbe4860e804201cce22e713fdbc1694ce8181ebf2e7d2701f11f1392500f1af3c565fffdc4cf43b757087fad0ffc6ef9d0303d7e5ef83e98e0df7b993bf0ff711111f530210dfcec56a766267a2df714522f0dcfdf55835b53b37a418bdf1f6577eed1c18b82e7f73bed844afff736cb8cfcba6838a88b39400c42f9313fdfe243121c29b8f34a17fd74bc8979cc43b8f37e3f1bbaf2621c1b1ba3dbf8d152e03ccc47097bf87fa5eee58973f1f0cf711119ff1c30f5331cfa9897e24e74d64ccf32de8d6aac6fffe5a2402f7f5b8940f9e49a1403ec7ba09fb65ac703160368613ab1eed6af2efdb8cb60ff89f55eb76d1a2df44bf0cf711119f5002107f1c9be857a8401ea60c6d43eb06c73fa26ed7b82a0b467676ac72fd375e1607e6c73af637facea3f935151debf2b7fe977d34eb339ebd078cdf7cb333dc47447c4009407c716ca2df1945f231eb8d0e34b8acfc497fdf05e79660d1a8eba95df36cd34bf8a30b81c5b8db3930116b6092d19b14b56b9ecda867521ce9f2b763cf6152fa4d7462b8cf62a035f687fb88888782d66c454eac2fd67534e33b49c9e2059931bc3de7573933e6af494bcfa4efe0d98cfae87bd3cbf9d363b09aef8c72f221587f4edec06a3b6b4cf54ac598ff5e67ce2862b48e10b086fb34e83ed689fefeab806b70a6bf7f10d9aaa81cbcd65e41e6e0aaf67e84ebf9de3e1f8ff7609d00c48781c0ab38f0efb342e922cc7faf738e367f20de8a03ff83e1cdbf5489424c1bd6d691cdff487a26ad6f9b1cb4e13e22e2322500c116c1ea6dfea413c1cfab5c8ccf4674a662d9a2b9fafa38290eec033c6432609142c94c1bd6d6911e0a1999d974ba7b2a8bbed96c3ab41bc37d44c4454a0082ebd844bffb9d085ebbe6d9cc7da713a54a14b21d2bc0c58181eaf2178d42dfc1b39d18eeb31f6be29e5bc37d44c4054a0082c9d1897ef5eb9463d61b1d8c0ea1096071a0f12e7f090911de7dbca9635dfeee7d663e23a6ac361df608d6709f6f4d0716116f2901081e4727fab5ac5f99a943db50b8605ee3b14b162fc8dc773a39dd39b0145603243b9d031de9f2f7dcfdf568d7d8785346c01aeef3d2c8a5a6c366609dac2c341d5844bca70420588a62cd3e6fe244f0ae2dcfe3c3175a902fd9b9219101280e2c03cc20405dfe34dc47447243094070383ad1eff61b2ee6ad479b3a721ffdaf7c5c1c78accb5f39930b71b2cbdfe8198e0df7b9070df711896b4a0082a11c0e4ef4bbafc7a5bcf0407d222edf48f5597160e0bafccdf962133d1f726cb8cf0ba6838a88bf2801f0bf73b1a6e13936d1eff1bbaf361d3a663e290e0c5c973f0df71111bb9400f89b6313fd921213fe37d1cf6b1e170746b0ae53b631f9b0ea958af1d1abed2898dffc2b0e0df71111139400f897a313fd463f97f2a7897e5ef3b03830505dfe34dc47444c71aedc5bec680e8cc381a13ea715cacba497db50f71fcedc45b7e35871e039658a72cba08f399c66fc132efc5e1c5801ebb580d12e7f450b2733fdb5768e74f9dbb6f3104d7a8f7762b8cfe7402b34dc4724547402e03f5d7070a2dfcce1ed7db9f9ff51fbc65559f87e17a78b033b61b8d02d5f7212935e699de3b909b1d89f9a4e8b5b27b261f37ed3a1576135fa396c3ab088f89b12007fe90bbc0f187f715cb278413e7da71397d62a693ab4236a552bee4671a0314e76f9d3701f1171821200fff0dd443fafb9541c6884535dfe34dc47449ca204c07bbe9ee8e735978a036d71aacb5f4887fbd4c07a35b30a48c5ea48e8e75f2281a522406f25627dea7764a84fed9a67336d585ba3437dbc70ac38b06299a2f470ae3830579cecf217b2e13e7981e7b15e83191bc0242227a613006f9d89f50ed6b8c6575660cedb1d03bff9ff51bbc65599f75e274a1b18516c424abd4a8e75f9fbcf30c786fbb4c77fc37d0a61b560be0d6dfe22ae5102e0aded4043e05793415bd6afcc8421ad9cecb3ef998bcf3b8b2fc6dce8797160ed9a67f3fed3cd1de9f2f7da98653cf2aa63c37d66980e6c5341601a708dd70b11091b2500defb118395d86e4cf4f39ad7c5814e76f90bd9709f82c047403d8fd721124a4a00fc612556f39f543b41dc9ce8e735af8a039decf217b2e13edafc453c16ff3b45702cc6ea479fab6e6c5e4df4f3924b6385ffa748a164a60d6beb4897bf900df7d1e62fe2034a00fc650ed0391289c4bc0bf861a29fd7dab9d039305f72129387b6a65635e3a319c236dc479bbf884fc4ef8be2803aba62c0596f4f5c99d0efe14f889ee224384f52026f3dd6842ecddc7b17befac75dbc3e76059f2edec4a6ad07484c8850b66461aead539e3e1d2fe0bccac55c5bcb1fd5aa569c85ef77a1dd9d5358b2ca684d25890911463cd9cc912e7feb7fd947d3de8e0cf79909dc84bf86fb68f317f1119d00f848c68a7b07462291576f69572bf2c4dd754ffa7bf32727317e482bd736fff4a359dcf1d8a75cdc6e04c3467fcb9a0d7b484bcfe4d0910c7e58bf8761a3bfe5c2b6ef72d7137339929ee9ca9afeaa548942cc7db7131d9b54331a77c83f1bd0a66115a331e1f7e13ebfee7264b84f7bac6b7f7ea1cd5fc4679400f840344a2463d5802789449fc4ea0cc83ddd6b33b0679de3fefed30ae565faf07634ab5bd195f5ed3b98ce75bdc6f1da9865272d508b4661e807df72edcd1fb27587ad7ac65ccb9f9cc4fb4fa7f0efdbae30520f31a8cf65f4e97481fd407fb1f7401acdfa8c7762b8cf4a20057f0df7d1e62fe2434a003c168d0e4ec85a7dcf6b442303fffaff3d7ae755f4ef7ac99ffedab1897e575fe2ce44bf1d7b0ed3b0c758fefbcd9698bf66c9aa5fb9bccb28e347f1b18a44acf6bca39f6d61ab38b047bb9a0cbefd4a832bb31c49cfa4ed1d5358b56e97e9d0eb81eb80bda603dba0cd5fc4a794007828baa4779e8c55073f8846e97da2dff3ec7df5e8d6aa06f0dbfdf777dd9be8f7f3b603d4eb36265753e8b6ee48a5fecd1ff2c1f4ef1d58596cec140736bfa6a2235dfe4236dc479bbf888f2901f04874c9e00299f90a4f895873e94f281281d70637a65f970b59f8fef5d4a8ecce44bf351bf650afdb18d66dcafd87c9b4f44c6e7e70068fbef6c5290b1a9d72ac38f01fe7c7de39b0e1e5e5f9e0d914e3fd14b2b3a3f41834d389e13efb8046f86bb88f367f119f5302604604e8f0db7f9e5274c9c02299c9076711a5692cbf3f4f52022ffdb38123f7cf8fe7dbefb753ffa631fcf2eb41dbb1a2517878e8e7dc78ff479e1707de71e3c5276d1a949810e1f61b2e66cad0368ef415b8ebc9b98c99f183e9b087b186fbac301dd8066dfe2201a06b80f6fd71a2dff3582d574f28bafcde129991cc8f818b5c585b8e2d5cba99d6b74fe240ea51a371c77ebc86f59bf73361482b4a7930cc277f7212cf0fac4faff6b5183e76399f7dfd0b5bb6a792969e49e5f2a753efd2b2dcd2aea663272cff19f639af8e5e663a6c0656e2b9c874601bb4f98b048412007bf20223818ebffdef015805588f1eef3747570f2c97999d391b307b4fcd90190bd6d379c034c73ea91f2b0e9c30a4558e8ee44daa5ea9182f3e78adabcf0cd1701fc736ffcbca946172974e14ca9bd774685b0a3df684d74b10c935bd02c8bd02c0147edffc8f7904b8fbafbf396df9fdd532b23316e2d3cdffc3993fd0fece298e1fd3fba138d04d211aee13bacd5f24e89400e44e516016d0e404ffff73408f63ffe3e8ea01172526642d881029e7c6e272eaf5b1cbe9f6c00c3232dd691a77ac38f09f2f2c7462f08d6f8468b88f367f9100d22b809c3b0bf818b8f024bf2702bc0eeccf587edf0eb2b3a70145dc585c4e3df3f6570c7a71a1eb55fad1a8f5ec0d9bf7f1d6634d5c19e6e3a6100df7d1e62f12503a01c89972c0024ebef91f939810898c99f5f94f9fe0c3cd3f1a85075f58c03f5f707ff3ffa3f1b3d752b7eb187ede76c0bb451816a2e13edafc45024c0940eccec5aab6ae1aeb176447a3495deefd2879e9eaedcead2a17b2b2a3f4fbcf273cfbf6d75e2f0580e53fece0ea1b477bd639d0a4f5bfeca3591f4786fbcc01bae39fe13edafc45024e09406c2ec6fae45f36a75f78f0d05152fa4de0fb9f769b5f552e1ccdc8a2ebfdd3796bbc9fae8dc74771e08e3d8749e937916d3b8d0ff7590cb406d24d07ce256dfe22714009c0a9d505e602b91e04bf6bef119af61ecfc62dc607bfe4c8e1b40cdaf69fccb8596b3c5dc78904b938707f6a3acdfa4cb0d539f1045601cd01e359452e69f317891306e6a5c5b5e6c03820bf896015cb1665fe7b9d2959bca0897039b2ef603aad6f9f94a3a13e5e6adfb86a608a038fa467d2acf70427fafbaf07aec23ffdfdb5f9ff85dd3e0083d7062bd1953f1b5cd5f616eae91eac138013eb0c4cc2d0e60fbfbf1fdeb3dff8fbe193cacd443faf05a5383044c37db4f98bc4192500c7d70f180518fff8b9ff603a7bf61d311df684366dcdfd44bf186d742af0f21f7650f7c6d1f8ad88f298ecec28b70cfa380cc37db4f98bc42125007f3710ebaeb5f17f36e79429c2a7ef74a272f9d34d873eae351bf650ff267b13fd4e228ad5f1b03af0be130f00d8b223957a378df16571e07dcf7ec6e819c6d7750468897f86fb68f31789534a007e17019e029e7422f879958b31ffbdce9c53c69d96002627fa1d471656a7c3178134a01bf0000e5d51f36371e0c3433fe7a5914b4d873d36dc67a1e9c0b9a4cd5f248e2901b02402c381fb9d085ebbe6d9cc7da7936b53f0162edd4ca31ee3d8b9d791570de9589bd4bb7ff86b51ace4a913d6785ae38e750ebce1be8f389c66bcc14e8ebc3666198fbee6d8709fe9a603e792367f9138a704c09ae8f701d6385fe3ead729c7ec373b52aca8b15ac2939ab1603dcdfb4c607faa2357c6538114ace2c8e3190f5c09fcecc4c3c1fbe2c0900cf7d1e62f1202614f004e34d1cf8856d75666dab0b6142ae0ce55368727faed011a6275a43b9965c065c0574e2c02bceb1c1892e13edafc454222cc09c0a926fad9d2b5e5798c79be05c979139d08ff370e4ff4db86b5217c9983df7f0d0e1607badd393024c37db4f98b844858138012c03cac262bc6dd7ec3c5bcf568539212ddf9c7fbccdb5f71fba3739c2a90db005c0daccce1d7c54d71604886fb68f3170999302600e5b0aaac6399e89763f7f5b894171ea84fc485fe4e2e4cf45b8d9524fd94cbaf77ad38f07a878a034332dc479bbf4808852d01c8f144bf584522f0fcc0fa3c7ef7d5a6431f970b13fdbec23ac6df6a2096e3c581131c280e0cc9701f6dfe222115a60420d713fd4e25293181371f69c21d375e6c3af471b930d16f2e56c19fc91186812a0e0cc9701f6dfe2221169604c0f644bf1349ce9bc8e8e752e8d6aa86e9d0c7e5c244bf29581b94131d845c2b0e1cf551ee8b038fa467d2fab6c94eb44f5e0f34c6ba51e1356dfe2221178604a039f03160bc055fa10279983aac2dad1b54311dfab8f61db43e95ce5ab4d1a9478c00da6315f039c595e2c0eeffcc5d71604886fb68f31791b84f008c4ff43be68c22f998f54607aead53ce74e8e3dabedbf1897e2f0337038e3411f80b5f160746a3d077f06c2786fbecc7ba6eea87e13edafc45048024af17e0a0bec0501c48724a162fc8ccd7db53a3f299a6431fd7cfdb0ed0a4d778a786fa80b5193fe054f093180ffc88f5dac1914c6ac2ecb5fcf8f33e26bed48a72254f3be9efbdf799f98c98b2daf4128e002d806f4d07ce85b8dbfc0b3df684adaf4f1df4a0a19578c3ee3cfac16bed5d1f0afbf3832e5e4f001c9de837ffbdceae6dfe6b36eca15e37c727fa79b1f91fe38be2c0100cf789bbcd5f44ec89b704e08f13fd8cdfc43f36d1af62d9a2a6431f978b13fdbce66971600886fb68f31791bf89a7044013fd141d9d7200002000494441546277bc897e5ef3a4383004c37db4f98bc871c54b0d405e60240e0df5b9eeaa0a8c7da12505f2b933d467c682f5741e30cda9a13e078096c0674e04b7e95871e07aaccdb380f107fc561cb871cb7eda35aeca2d833e8ee7e13edafc45e484e2210128004cc0a1a13eadaeadcca867525c1beaf3e1cc1fe8fecf994e0df5d9033423f6a13e5e198755313f15878a03c7cd5ae3542f05bf0cf7d1e62f222715f457009ae817bb9c4ef4f3da721c2e0e74805f86fb68f31791530a7202107713fd6e7bc47713fdbce67871a0417e19eea3cd5f446212d404202e27fa39c4ee443faf395e1c68805f86fb68f317919805b106e05c60360e0cf58944e0b9fbebbb36d4272b3bca6d8fcc7172a8cf5758effc4d0ef5f1c2b1e2c09f80f770a038d006bf0cf7d1e62f223912b413004df48b9d1313fdbc361eb80207c70ae7905f86fb68f317911c0b5202a0897eb17372a29fd7fc521ce897e13edafc452457829200383ad16fcad0369ae8172c5e1707fa65b88f367f11c9b52024008e4ff46b705979d3a18fcb85897e2fe1de443faf79551ce897e13edafc45c416bf27007d815180f1167c258b1764eebb9db8b45649d3a18febe76d07a87fd31896ffb0c3a9473c05dc89553017168e8f15fe0bbf0cf7d1e62f22b6f93901d044bfd8f861a29fd7dc280ef4cb701f6dfe2262841f13004df48b5d26fe99e8e735a78b03fd30dc479bbf8818e3b7044013fd62978e35fce85d2782079453c5817e18eea3cd5f448cf253029017f800e8e544f0fa75ca31fbcd8e142b6abc96f0b8662c584ff33e13d89fea4873b8542005ab3852fecc7471a01f86fb68f31711e3fc920014c0babbeec838df56d75666ead036142ae0ce38df0f67fe40fb3ba73835ce770f56839f394e048f13a68a03fd30dc479bbf8838c20f09802b13fdf225bbd3f55813fd7cc54e71a01f86fb68f31711c7789d009c858313fdeee95edbd5897e4fbdf9a59313fdd6019713bc897e5e5b8ef5cfedeb1c7ccda7402bbc1deea3cd5f441ce56502501eabafbf2313fd1ebdf32a9e1c50d7b5897e0f3cbf8087862c72ea11cbb0c6f96e72ea01716e2b5671e04b9cbc4f42d66fbfa719eef41538116dfe22e238afa6013a36d12f2121c24bff6c409f4e17980e7d5c2e4cf4fb2f56c1df3ea71e101247b01a25bd0ef4c1da5ccb60d59facc1fad4ff16d6f8642f69f31711577891005c8cd5d7dff8509fa4c404863fdcd8b5a13e4733b2b8f9c1994e0ef5998b75149dead403426835d0dfeb459c80367f11718ddb09c0d5c0341c18ea939c3791f79f6eeeda509fc3691974bc7baa93437da660cd4188e7a13ef23b6dfe22e22a371380e6c0381c18ea53a8401ec60f69e5da509f7d07d3697dfb242787fa8c006e211c437dc4ea81311dab4ec1a8cbcb966172e74e14d4e62f227fe15602d0196b53337e11ff8c22f99836acad6b437db6ef3e4cf3be139c1ceaf3127017e11aea1376cfa3cd5f445ce64602d017188a03370e4a162fc8ccd7dbbb36d4e7e76d0768d26bbc53437dc06a5e13e6a13e615403ebcf8851dafc45e4549c4e0006024fe0c0509f0aa58b30eb8df6ae0df559b3610f4d7b8f776aa84f14188086fa84512fac1918c65c56a60c93b4f98bc82938950044b0a6f93932d4e7bccac59839bcbd6b437dbefd7e3bcdfb4c706aa84f26d626f0ae13c1c5f71a990ca64ffe22122b27128044e0551c1aea53bbe6d94c1bd6d6b5a13e0b976ea6cded939d1aea930e7441437dc2ac9ca940fae42f2239613a01c80b8cc4a1a13ef5eb9463e24bad5d1bea3363c17a3a0f98e6d4509f54a00d1aea1376468eb174d54f4472ca64615e0160320e6dfe2deb6ba29fc8f168f31791dc309500e405a6024d0dc5fb931eed6a32f6c596ae4df41bfea1a313fd360357a2897e6280367f11c92d533beaf3400343b1fee49eeeb579e26e7786fa8035d1cfc1a13eebb08abe34d4478c98d245effc4524774c2400e7e3c03d66b026fa0dec59c789d07f138dc2832f2ce0b977723235364796014d80ed4e3d40c2479bbf88e4968904a02786ef314722f0ec7df5e8dff51293614fc885897e5f618d98ddedd40344444472c2440260f41e739ea404de7aac095d9a553719f6848e666471d30333183f7bad538ff8186887b7f3e5454444fec4440260ec1eb326fa898888b8c3440260e41eb326fa498cce07fa60159d1efb66d9087c0a0c07567bb32cf142eaa007bd5e82a706aff5766658d89f1f746e8e033e214df49318e4079e05faf1f7d912e7fdf6eb76acc153f7038ef46d16118917c627f4e554c9e20599fb6e27d736ff9fb71da0fe4d639cdcfc9f02ee449bbf496702b3815b39f960a9085612301f38dbf96589880497e709c0c2f7af776d9cef9a0d7ba8d76d8c53e37cb3b136288df335ab06f03570550ebee652600970a1232b121189039e2700e54b9de6ca73befd7e3bf56f1ae3d438df4ca007d6102431a721b008a8908baf2d0d2cc0ba7e2922227fe17902e086854b37d3a8c738a7c6f9a663cd3f78cf89e021d603980114b511a330d64d8c5b8dac4844248ec47d023063c17a9af799e0d438df5420058df33529020c06de024c4c7e4ac22a0c1c4208bedf45446215d73f10c7ccd044bf80c9078c02feed40ecfec078aca9952222a117b709c0eb639773d3838e4df4db065c8326fa997426f009d0c5c167b401e6a11b022222f199003cf3f657dcf6c81cb2b31db989b701b81a58e544f090ca4da57f6ee9868088087196001c9be8f7cf17163af588d5589bd44f4e3d2084ec54fae7966e088848e8c54d0290951da5df7f3ee1d9b71d1be7fb15d6b1ff56a71e1042262afd734b37044424d4e22201389a9145d7fba73b39ce772e56ef798df335c374a57f6ee986808884962f6601d8a1897e81930f781b678bfd72aa3f5016b8118d6d16919008f4a79e7d07d369d66782939bff08a03ddafc4d71a3d23fb7744340444225b009c0f6dd8769d863ac93e37c5f026e46e37c4d71b3d23fb774434044422390af007ede768026bdc63b35d407ac897e1aea634e43601cde14fbe5d4b11b029db10a14e35aa1c79eb0f5f5a9831e34b492dc09fafaed1a5cf564c33163f8fab5f6ae4a87fdf94117b813008727fa4581bbd1e66f929795feb9a51b022212f7029500b830d1af3bf0a213c1432801eb24c5b14affa2a52b50b474052742c3ef37049e22607f4e44446211981f6c9ae81728f980f781fb9d7a40e95a97d273dc627a4f5a42b94b1c2d2bb81fcd101091381488044013fd02c5f14affea8ddb72f3c879143af32c0a142d46b7f7e65033c5d18b05ba21202271c7f7098026fa058ae395fe75baf5a7e34be3c893fff70fe449799369fbdc28eadde1c410c1ffd10d0111892bbe4e0034d12f501cede99f909844f3c1c368fad01022097fffb68d4422d4bb6330ad1e7f8bc424c79a0b6a868088c40ddf26009ae817288e56fa27172c4c97d7a650fbfa7ea7fcbd17b5efc10d6fcd24df698e5d3ad00d0111890bbe4b0034d12f501cefe97fdad965e8fec102aa5c13fb87ee8a9737a0c7e8456edc10d00c0111092c5ffdf0d244bf40c9078c021c7bf15ebad6a5f49eb884b3abe7fcb57b892a35dcb821d01fdd10109180f24d02a0897e81e26aa57f6ee9868088c889f92201389c9641dbfe9319376b8d538f980c34c7baf227f67852e99f5bba212022727c9e27002e4df4eb8026fa99e069a57f6ee9868088c8df799e00383cd1ef1934d1cf14df54fae7966e088888fccef30460f90f3b9c0afd14561bd7708f7bb2cf9795feb9a51b0222229678fc01a5897ee6f8bad23fb77443404424fe12004df433271095feb9a51b02221276f1940068a29f3981aaf4cf2ddd101091308b97044013fdcc0964a57f6ee98680888495f73f81edd3443f73025fe99f5bba2120226113f4044013fdcc88ab4affdcd20d0111099320ff105a8f26fa99109795feb9a51b02221216414d0056636dfe9ae867cf59c07c1cacf43faf497b6e7e7fbe2795feb955a06831babe339bf39ab477f231c76e088888782288098026fa995103580cd471ea0175baf5a7c38b1f92275f7ea71ee1983cf9f2d361c858376e088888782268098026fa9911aa4affdc72e9868088882782f4d35913fdcc086da57f6eb970434044c47541490034d1cf3e55fadbe0c20d0111115705210178094df4b34b95fe06b874434044c4157e4f009e02ee4413fdec88eb9efe6e736986808888e3fc9a004481bbd0443fbb42d1d3df6d2ecd10101171941f13806313fd8678bd908073bed2ffdf43035fe99f5bba21202241e7b79fdc9ae867863b95fe37a8adbd6e088848509948008e188801d6f5bee668a29f1daaf4f7806e08884810994800361a88b113abbbdfa7066285557e601c0e56fa97b9a04edc57fae756892a35e8396e31652e70acb1a2888851261280b936bffe17a02ef08d81b584555eace132ed9c7a40f5c66db969c4dc5054fae756a133cfe2e6519fe986808804828904e075203b975fbb166ba8cf0f06d61166cf018e9dc95fd9ebfed055fae75652de64da3efb3e57f6badfeba588889c9489046005303c175fb70ceb93ff26036b08b39a80237d771393f2d0e2d1d76974df53a1acf4cfad4842028dee7b8a168fbeae1b0222e25ba67eaa0f2067af021601f581ed869e1f66dd8144d341930b16a6f3ab93b9a4632fd3a143e3928ebd744340447ccb5402908655c13f8c93bf0ec8065ec1baa3becfd0b3c3aeb1e980454b57e096b15fa8d2df00dd101011bf3279ae9b06dc065c08bc0cacc6bada77f8b7fffe1270017007d67d7f31a39cc960a56b5d4acf718b2951a586c9b0a156a24a0d7a4ffc5a330444c457225e2f406c333627a17ae3b6b47d66a48afd1c9279349d290f7467e547a38dc54c1df4a0b1589273851e7bc2d6d70f5eab3127f16c70d588aff75855760910ce9efe6ed30c0111f11325002117f69efe6ed30c0111f18b24af1720debae1cd1954bab291d7cb089d8bdaf7e0b4926519d9dd780da788484cf4912fe4b4f97b47ffec45c44b4a00444444424809808888480829011011110921250022222221a404404444248494008888888490120011119110520220222212424a004444444248098088884808290110111109210d03cab90b80de401da0e26f7f6d3db018781d58e1d1ba3c31b8aabd71d75ecf430ffafaedb23bcf3e75d0838656923b415fbf5d5e7fffeaf9a77cfea91e60ef6fc0262500b13b0b780ae8cadf4f4e2ef9ed573f60243010d8eeeaea4444447240af004e2d01e806ac066ee2e4ffcc127efb3d6b803b51822522223ea504e0e46a631dedbf0714cbc1d715015e0496005739b02e1111115b94001c5f316008d6e65fdb469c0b8005c008ac5708222222bea004e0cf8e1df7af01fa63e69f4f04ab6e40af054444c4379400fc2eb7c7fdb1d26b011111f10d2500e68efb63a5d7022222e2b93027004e1cf7c74aaf054444c453614d009c3eee8f955e0b88888827c29600b87ddc1f2bbd1610111157852501f0f2b83f567a2d202222aef1e346689a5f8efb63a5d7022222e2b8784e00fc7adc1f2bbd16101111c7c463021084e3fe58e9b58088883822c89be3f104edb83f567a2d20222246c54b0210f4e3fe58e9b58088881811f4042009eb98ff475c3eee8f0037d4aac90db56a1271eba1bf3fba2bf0037087bb8f1611917811e477cab581a178f089bfe6592578febaebb8bc6c19007a5f72090366cd62e9d66d6e2ea328f0929b0f141191f811c41300cf8efb4f4b4ee6e9460d59d8a3fbff367f804b4a9564decd37f17acb14cec89fdfcd25898888e44a904e0012801b81e771b9c02f0274ae793e8f35b89612050b1ef7f72444225c5fb3264d2a57e689858b18be6429d9d1a89bcb1411118959501200df1cf79fca19f9f3f34ce346743eff7c2f5e0b888888c4c4efaf007c77dc1f2bbd161011113ff3eb0980af8ffb63a5d7022222e2577e4c000273dc1f2bbd16101111bff1d32b8024ac4ffc5fe2f2e65f245f3e9e69dc28d7c7fdb1baa454493ebda91bcf346e44917cf91c7b8e8888c8a9f8e504200f301368e0e6432340979a3579b4417ddbc7fdb14a4a48a05fed7fd0eebcea3cf4e93c46af5c895e0a888888dbfc7202f0242e6ffe35cf2ac1ec6e5d79bd658a6b9bff1f95285890d75ba630bffbcd5c52aaa4ebcf17119170f343025015b8dbad87b975dc1f2bbd161011112ff8e115401f70be9dbe17c7fdb1d26b011111719b1f4e00ea3bfd00af8ffb63a5d7022222e2163f2400e73815d86e331fafa88990888838cd0faf008a9a0e68b2998f57d4444844449ce48704c028a79af978454d844444c4097e78056044508ffb63a5d70222226252e04f00e2e1b83f567a2d202222a6043e0198ddad6b5c7ee23f9963af05da56af4ea31123bd5e8e88880450e05f01846df3ffa330ffbd8b88883d814f0044444424e794008888888450e06b00c45b83d706bb0831e8ebb72b75d0835e2fc196a0afdf2eafbf7fc3fefca0d309808888480829011011110921250022222221a404404444248494008888888490120011119110520220222212424a00444444424809808888480829011011110921250022222221a40440444424849400888888849012001111911052022022221242495e2fc0ef0a3df684adaf0ffbbc72bb06578dd8fb7acd0bf794fefcc437fdf90c369d008888888490120011119110520220222212424a00444444424809808888480829011011110921250022222221a404404444248494008888888490120011119110520220222212424a00444444424809808888480829011011110921250022222221a404404444248494008888888490120011119110520220222212424a00444444424809808888480829011011110921250022222221a404404444248494008888888490120011119110520220222212424a00444444424809808888480829011011110921250022222221143110236a2086888888e48cad3d5c270022222221a404404444248494008888888490120011119110520220222212424a00444444424809808888480829011011110921250022222221a404404444248494008888888490120011119110520220222212424a004444444248098088884808d99a251c30b701af980a367c70637ab4ab692a5c5c8946e11f1d46b062cd4e5b718a15cdcfda993d39ad505e432b13714feae10caa357d931d7b0edb8a735ee5627c3be1261212c2f4e33a7623a77e478f41334d86bc0d186632a05f257abd00172d012e06aa9908366bd106ea5d5a8e72254f33112eae4422d6e63d61f65a5b718ea465923f5f1275ff51d6d0ca44dcf3e41b5f3273e106db715e79a811e7552e666045f1e7cb15dbe878f754b2b2a2a6427e0cdc6d2a98df85e9154014b805f8d544b08ccc6cbadc3b8dad3b524d848b3bed1a55e5fc2a67da8ef3e27b4bd9bdef88811589b867f7be230c19b9d4769cf32a17a37583ca0656147fb6ef3e4ce701d3483f9a652ae40ea03bd65e110a614a000076023763e85ff0b69d87e87ccf348e6618fb068c1b91083cd0ab8eed38fb53d379ee9d25065624e29e67defe9a03a9476dc779a8efe53afa3f8e8ccc6cbadc338dcddb0f9a0a19057a60e8036250842d010098050c3515ec8b655bb9f799f9a6c2c5950ed755a34665fba700af8cfa46272d1218db761ee2d5d1cb6cc739b7e219b46b54d5c08ae2cf5d4fcc65e1d2cd2643be044c37193008c25403f047f38096c05926822d59f52b65cf2ecc45d58d848b1b914884d30a273379ce3a5b7132b3b2c9cc8ad2e4aa730cad4cc43983862ce48b655b6dc779f1c16ba959b5b88115c5979153bfe35f2f2f32197235d009c834193408c27802009006dc00d82bcffd83fe8fcf65c9aa509d1ec5a453d373a95ae10cdb71de18b79c8d5b0f1858918873366ed9cf5be357da8e53ed9c33687f9d917ae5b8f2d58a6df47b78b6c99087808e40280b8dc29a0000ac026e35152c2d3d930e774d65fb6e6339455c484c88f0606ffbb500e947b3f8d710a359bf88710f0d5964a426e89f7d2e2351effeff64dbce4374bc7baac9a23f80bec0772603064998130080f780b74d05dbbcfd202d6f9dc8a12319a642c6852ecdab53a5fce9b6e38c99f93d4b576f37b02211f3be5ef92b633ffec1769c4ae58ad2b1893efdffd1e1b40cdadf35852d666b815e07de37193068c29e0080d5f4e15b53c1bef96e3bd7dffb119959d9a642065e624284813d2fb51d271a85fb9f9d6f7f41220e183464215103f78b1eea7b394989fad17c4c567694aef7cfe0ab15db4c865d09dc65326010e9bbccaa07e804187bc13c63c17aee78f45353e1e2c28d2d6b50d9c029c082259b99fed97a032b123167eabc1f99f7e5cfb6e3542c5b94cecdce35b0a2f831e0c9794c9df7a3c990a984f8bdff1f85f516c05fed013602ed4d05fce6bbed142e9897cb2f2c652a64a0254422142e9087a9f37eb21d6bf99a9df4ee78010911bd2315ef656665d3f1eea9ecda6b7f3f796e607d2eaa5ec2c0aae2c3b36f7fcd936f7c693aec8dc002d341834809c0ef56014580cb4d05fc74f1cf54af548cf32aa98d2740cdaac599fce93adbbdd177ed3d42e9b30a71f179ba7629de7b73fc0a464c596d3b4ead6ac579795003224a6c01f870e60fdcfee81cd3619f0186980e1a544a00fe6c0e501ba8622258340ad33f5b4fbdda6529ab99012444229c53ba281f4cffde76acc5cbb7d1a35d4df2e74b32b03291dcd97b208d0e774de5709afd2be4ef3ed18c4ae58a1a5855f02dfa66339d064c2333d3682dd52784acd5efa9a806e0cfb2b08e87ec9f53ff262d3d93b6fda7b076e31e532103edbaab2ad0f0f2f2b6e3ecde7784c7862f36b02291dc1bfccae7468efe1b5f69e6cf453cf8e9e77d74bc6b2a69e946fbf26c00ba60fd8c97df2801f8bb3d405bac061146ecde7784947e134d5f6109ac27eeae6ba4bff9aba3bfe5fb9f761b589148ceadfe7117af8f5d6e3b4e42428427eeae6b6045c1b779fb41aeeb358e9d0692aa3f3808b400f4c3e22f94001cdf0aa02b068f8a366cde4fc31e63f97597b1bc22b02eac5e82eb9b57b71d2723339bbb9e986b6045223977df339f19b9ee7b638bf3a8554d2d7f77ee3d42d3dee3d964b6e3e7b1213ff68b34e2901280139b043c6632e08f9bf6d2bcef04f61e48331936901ebee34af225db7f7f3ff7cb9f4d5f111239a5899face393cf37da8e933f3989c1b75f697f4101b77bdf111adf32961fd61b7f55fa3030de74d078a104e0e4fe057c6832e08a353b49e937918387ec8f0a0db272254fe3f61b2e3212ebbe673e33fdbe50e4848ea4671a6b4875c78d1753f6ecc2466205d581d4a3a4f49bc8aa75bb4c871e05fcc774d078a204e0e4a2c0cdc0e726837eb5621bcdfb4e087dcbe0813deb50ac687edb71d6ffb28fa7dffacac08a444eedf1e18b8d1c539f797a7eee37d02133c80ea765d0e68e494e0c525b04dc822afe4f4a09c0a9a5618d0eb637d3f62fbe58b695f6774e313dd822508a164ee69f060605013cf5e657acd9a09b16e2ac759bf6f2c27b4b8cc47aa8efe51429946c2456101dcdc8a2d3ddd358b064b3e9d0ebb10ab9d34d078e374a0062b31b2b09d86b32e89c2f3671c37de19e1bd0b7f38546ee3e1fcdc8e2d6ff7c62a417bbc8f144a370db23738c24ede7942942af0eb50cac2a983232b3e97ccf343e5eb4c174e83d405360a7e9c0f1488d8062b70bf812b81e83ffdcd66cd8c3ba8d7b69796de5508eff4c4c4ce0ece28598307baded589bb61ea052b9d3a9555515d562defbd3be63c888a546620d1f7c1de75739d348aca0c9c8cca6ebc0e94cfed478f16e3a90027c633a70bc520290331bb11a4ab4068cedd6ab7fdccdcab5bb68dda04a28a7809d57a9189f7fbb950d9bf7db8ef5c5b22d746f5b93fc066e18881cb3677f1aedfa4f3652b7d3e88a0a3c7ae7550656153c69e99974be671a53cc6ffed9403760bae9c0f14c0940cead04f6034d4c065db3710f4b56ff4adb4655c99314be24e0d25a67f3d684956465d93bc33f742483bd07d249a957c9d0ca44e0eea7e6b168a9fd77d5c9791399fc4a1b23c5af4173382d83b6fda73871ec0fd01f78db89c0f14c0940ee7c09e405ae3619f4a75ff6b170c916da36aa4a72de70fdab2956343f47d23359f4cd16dbb1befd7e3b575c549a8a65d4575decfbeceb5f18f0a49986530ff4ac43bbc6558dc40a924347326873c764e62eb63f32f9381e069e762270bc0bdf4b677322c070a097e9c097d4388be9afb50bdda78423e999d46af52e1bb7d87f1550a17411964dba8982f9f318589984d5e1b40c2e6e37829f7ede673b56b992a7b162cacda1fb9edc77309d94be13f872c53627c20f07fa3a11380cc2f531d3bc19c079bffd3266dbce43cc59bc89360dab86ea87459ea4042a943e8db133d7d88eb5ef603a4733b268744505fb0b93d07af0f985cc5c68e6c8fadd279a86aef06fcffe349af599c0d72b8ddff307988cd5a745777f72297c2f9bcdcac29a1930cf74e065dfefa0618f0f43373ba065fdca34bfa6a2915843462c75ea078f84c0972bb6f1ca283305e52dea570a5d5dcab69d87a877d318279afc8035dab7339aee678b1200fb8e350afaafe9c0dffdb89b6bba8de1c74d46db0ff8de8b0f5e6ba48a3f2b3b4aaf7fcde268867e4648cea41fcda2d7bf6691956dffc365817c7978fe816b0dac2a38d66ddacb35dd463b35adf333ac9b586af463935e019871146be04403a0b4c9c07b0fa4f1e1cc1fb8eae2d2940949cff0a2a7e5231a85f95ffd623bd6ce3d87498844a8776959032b93b0f8cfb0cf9934c74cf3cf7fdd7a45a83efd7ffeed169af41acf5667c69f7f0134c3e0b8f6305311a059458039c03f4c074ece9bc8db8f35a563936aa643fbd2d18c2c2e6a3b82b51bedb7f74d4a4ce0b3119db9b45649032b9378f7cd77dbb9ea860fc8c8b4dfa1b372f9d35936f1a6d0dcea99fce93aba0d9cc1116786732d03aec57047d6300bc777a57bd28171c07580d1dd262b2bcaa4396bc99f9c872b2e327ac8e04b898909543be70c464dfbce76acec6894ff7e6b35080a638f0589dde1b40c9af41acfcebd478cc41bf16473aa9d738691587ef7f2fbdfd0fbdfb38d244ec7b102eb8455033f0c5202605e1a56756a73c0784fda4f176fe2e0a1a334bcbc3c91487c1fe0542c5b94b51bf7b2fa47fb634277ef3bc2c1431934b9ea1c032b937875efd39f31cb50a39a2ecdaa73df2db58dc4f2b3ecec28f73c3d9f475efdc2a9591cabb1367fe3f382c32ebe77106f95c0aa547564e247eb065518f154b3b86f79bb7bdf112e68fd2edb771fb61d2b12818f5e6d47e32b2bd85f98c49d4f176fa269eff14636b1e2a7e767f994ee143f3dbe7b79a41fcda2c7a0998cfdd8fed5dd1358063446c37d1ca1f350e7ecc07a5fe5c8608ac99fae4d613e98000012ff49444154a3696f7347957e55ac687e5e7ea8a19158d128f47bf813f6a7aa7858fe6cdfc1747a3e34cbd827d861ff6e14f79bff8e3d876974cb582737ff25589ffcb5f93b44af009c7504180bd407ca980efecbb6838cfb780d75ff518692c50b990eef1bd52b1633f62a607f6a3a5bb61fa475c32a065626f1a2d7bf66f1f9b2ad46627569569d077b5f6624965f2d5dbd9deb7a8e63f58f8e5cf303f81cab96ca7e0b4639212500ce4b0346039703c65f40ef4f4d67e4d4ef287356612e38b784e9f0be714dedb28c9cbadac834b6956b7751b16c516a55d3d86081f726afe2f1d7bf3412abf8e9f99934b44d5c77f01c3de37b3adc3595ddfb1c3b7d5c8875d5ef80530f108b1200776460f509b80c079280ccac6ca6cefd91d4c319d4af538e8484f82bed28902f0fe79429cab859668e1be72efe99f68dab7146917c46e24930addbb49776774ee1688699caf5114f35e7e2f3ce3212cb6f32b3b2b9efd9cf78e0b9054e55fa8355379582eef9bb4209807b32800f81aa400d271eb078f956167cbd99a6752bc6e5271093af028e6664f1f9b2addcd4ba0689892a8509a38ccc6c5add3e898d5bcc7cd0bcbe79751ee855c7482cbfd9bdef08edef9cca9819df3bf998c9407bac57a7e282f8fba8e87f89c050a08fd70b1111f1897780de80231d84e4f87402e0be28f0119004d4f5782d22225efb0f7037e0d87b05393e2500de9987d5d8a2093a891191f08902f7024f78bd90b05202e0adaf8175400bf4ef4244c2231db81178d3eb8584993e79fac315580530ba972622f16e0fd0166bacaf784809807f5402a603e118f7272261f413d69c14c7da074aec74ffc93f7ec23a0950562c22f1e873ac8668dafc7d420980bfecc16a7f39daeb85888818f43ed66c14f5f5f711159ef94f1630f1b7ff7e0d7a4d2322c1950dfc1beb9a9feef8fb8c36177f4bc1ca9c8b78bd1011911c4a05ba0193bc5e881c9f1200ffab867543e05caf17222212a31f81d6c06aaf172227a61a00ff5b03d401a679bd101191187c0c5c8a367fdf530d4030a4036381fcc0951eaf4544e478a2c0d3404fe0b0c76b9118e81540f0b402de058a7abc0e1191630e606dfce3bc5e88c44e09403055c6fa8376a1d70b1191d0fb06e888d5cb440244af0082690ff01e701a567d808888174662b5f5dde1f54224e77402107c3700af0185dc7858817c79b8a7fb3f18d8b30ec979fd9f3f4e9ab38e4e03a6128d9a8997981061e2cbad6956b7a2998062c4ecff6ea4d56d93c8cc32335136128151cfa4d0e13aff77e6cec8cce6b531cbf8d7cb8b483d9ce1d66353813ec0076e3d50ccf3ff4f70399595c014e02ae06ca71f969199cd82259b9938672de7553a930aa5fddda2a07ac5621c3a92c917cbb61a89178dc2cc051b6851bf12c5cf286024a6d8b3fac75da4f49bc09174737d66eeeb7129fd6fbcd8583ca7ccfdf2675add36890fa67fcfd10c33c94f0cbec51a633ecfad078a337402103f92b1e66adf858bff5e5b37a8c2e3775f4d95f2a7bbf5c81ccbca8e92d2770273bed8642c66f952a7b1f0fdeb2959bca0b19892735b77a452b7eb68366d3d602c66e32b2b3075585b1213fcfbe371cd863dfcf385854c9df7a39b8f8d02cf0383b06e2649c0f9f73b5c72ab01567d4069b71e989498c0cd6dcee7dfb75dc1d967fa7343dcb33f8dcbbb8c62fd2ffb8cc53cbfca99cc7baf33450b271b8b29b13b907a946bbb7fc8f21fccbd7e2e5fea34168fb991334fcf6f2ca649bbf61ee1b1e18b796dcc3263af3b62b41de80ecc74f3a1e22c2500f1e94ce04dac2b83ae29983f0fb776b988077bd7a170c1bc6e3e3a262bd7eee4ea1b4773e888b9f7a4d7d42ecbf4d7da05a21e229e1ccdc8a2d56d938c9eea14cc9f8745a3aee7fc2a671a8b69cae1b40c867ef02d4fbef12507528fbafdf8c9402f6097db0f1667e9a7567c3a0c8c017e05ea01aeecc61999d97cfeed16de9ffa1d450a2753ab5a091222fec931cf2a569073ca1461d29c75c6626eda7a800d9bf7d3ba61157cf4b71ad7b2b3a3747b60061fcd3777eb2c1281779f6846fd4bcb198b69425676947726aca4c35d5399f2e98fa41fcd72f3f10781fec0fda8b14f5c520210df96622502b58073dc7ae8c143479936ff2726cd5947d992a751b5827fea03ceaf7226a987338c150502ac5ab78bd4c31934baa282b1987262f73c3d9f7726ad321af3de1eb5e97fe3254663da118dc247f37fa2e380a9bc3b69959bd5fdc7cc059a029fbafd60718f1280f8b70f18813587bb2e2e9d0600ecdc739831337e60c682f59c55ac20552b9ce18b4fc9d75e569e2f966d65c3e6fdc6622e5ebe954205f272f985a58cc594bf7bfaadaf78e2f52f8dc66c744505de7ca4892f4eaba2519836ff47ba0d9cc190914bd9b5f788db4b48c52a24ee8ff5b343e298f7dff1e2a60ac05bc0b55e3cfcfc2a6732e0e6dadc90529d048f2bacf7a7a6734dd731acfed1dc6bcd480486fe5f237a75a8652ca6fceebdc9abe8f5af59c67a3a009c5bf10c168cecc2e9a7e533173417a25198fed94f3cf2ea177cf3dd76af96b108abd0cfd5ab05e21d2500e113016e051ec7ea24e8ba9a558b33a8cf65b46958c5d34460e396fd5c75c3076cdf6deef566424284114f36a353534d6f36e983e9dfd3fd9f33c9ce36b7fb9f7d6641168eba9e0aa53cf9630058f50ce367afe5f1e18b8d26a339b41f7810aba198c1f44afc4e09407895049e02ba7ab580ea958a715f8f4bb93ea5ba6777aebff96e3bd7defca1d19b0179921218fb424b52ea55321633cca6cdfb898e774f357aedad40be3c7cf256072ead55d258cc9cc8ce8e3263c17a060ffddce835c65cf808eb03c12f5e2e42bca1044052805780f25e2de09c3245e8d5a116bd3a5ce0c99dfa190bd6d3aeff14a31b4cde3c894c7ab9358dafac602c6618cdfbf2675ade368934835dfe1213228c7db1252deb5736163356a987331833e37b5e1cb194351bf6b8fefc3fd882f59e7fa2978b106fa90850d662f50cc80f5c0a24b8bd807d07d2f974f1cfbc317639bbf71da1da396750c4c544a04af9d339b3687e662edc602c66567694a9737fe49ada65297b76616371c3e4f36fb7d0eab6491c4e33b7f903bcf25043ae4f39cf68cc53d9b4f5008f0f5fcc4d0fcc60c2276bd9bdcff5e2be633281178076c00aaf1621fea01300f9a38b8197812bbc5c445262026d1a56a17fd78bb9ec02f7aaea073ef719cfbfbbc468ccd30ae565c6f0f6d4f1e8a839a8be58b695e67d2770f090d9a637f7f6a8cd1377d7351af364be58b69597462e65d29c756419ac5fc8a5ff02b703cbbc5e88f8831200f9ab08d684c1a700cfefb45d5aab247776bd84b68daa9094e8ece1447676941beefb88f1b3d71a8d5ba450323386b7f3ec7d73d02c5e6e6dfea63bde756c528df79f4e71fc2a6a6656361366af65c8c8a57cbdf257671f169b2d58cd7c46a3223ff9032500722205b07e680c04bcbd238555b1ddfeba6af46c5f931a959d6bd59a969e4993dee3f9ef375b8cc65512109b6fbedb4e935ee3d97b20cd68dcab2e2ec3ccd7db912f39c968dc3ffa71d35e3e98fe3def4d5ecdcfdbcc0d27b2210378157808abab9fc89f28019053a98cf5ce30c5eb858075d7feea4bcad0bd6d4dda35ae4a7e077ea0efde7784ab6f1ccdba4d7b8dc62d5a389999afb7e71fe73b3eb53990be5ab18d667d26b03fd5eca0b9aa15ce60e1fb5d38a388f93cf6705a061366afe39d892b59f4cd66a33d0a6c9a0a0c00ccf54b96b8a3044062d500781aab4ec0178a164ea673f3eaf4687b3e17553fcb68ecf5bfeca36ed7d1467b0480b5e6e9afe924e0afbe58b69516fd261adffccf3eb3200b4676e19c32458cc65dba7a3b6f4f5cc987337e30be669b96609ddacdf57a21e27f4a002427224017e0515c9c2d108b0bab97e0a6563568d7b81a258b9b1949bc6add2e1a74ff903dfbcd1e47172e9897c9afb4a1ee3fca188d1b54f3bffa8536774c32deefbe58d1fc7cfa4e4763af8cb6ee4865c2ecb5bc3b79152bd6ec3412d3a00dc020acd91ffe3987105f530220b99107ab65e82340098fd7f2270909112ebba014ed1b57a543936a9c7da6bd6460f90f3b68d8632cfb0e9afd94979c3791d1cfb6a045fd70370bfa78d1063ade35952306eff98375fb62d61b1d6cbf6ed9b33f8de99fad67c2ec35cc5ab4d168af0843f6609dcc0d01cc66aa12f79400881d4581fbb01a8a14f2782d7f939810a17e9d72746c528d560daae4fa1df0c2a59b49e93b91c369663fa1e6cd93c8a8679ad3ba4115a3718362e227ebe83a703a4733cc8eb82d902f0fd3ffbfbd7b8fa9b28ee338fee6c8e5680a9892262a61cdd26e43b48c9095e18cca5976d96cabd6b29b3957d91fb555abb65ab755b3725d6cae95ada61595d34c28cb0b66815db534494ba86ce40104ce1190fef81e1a9926e273f83d073eafedd9f370180f5f36769eeff95dbedf1767903fae6b232c35a1268a4bb6b164e556566ffcc50fdbf70ea61edbb2fb046ada235da40440bc30184b046e03bc197ff758526280c273b2b862eac914158c226360df23faf98fd6ed60c6dc62cffbb127f609f0cac31772f5c5633cbdafdfbdfec16666ddfba1e70fd79464abc078a4ad99ffdcd3c4f24fb7b374e5564a37eca4b9c5779ff4db3560953b9f049c350f909e41098078e9386cebe0add836425f0a0412187fda502e2a1845d1a46c72c60ce9d4def0e2d26dcc9cb7ccf361e0402081a7ef3e9fd933733cbdaf5f3db7b882798faff6b4b10f5832f5e653d3983ef9f0257ef7ef6f63d396ddac5853c9f2cf2a29fffe0fcfe3f15823b0001beef7dd0204894f4a00241686622b916fc2c78940bba1838f616a7e364593b229cccb22adffa1cb10c7a22b5dbb7b6e3a9b07e7e4c7bc508d2b6d6d70dffcb53cb6f073cfef1d0824b0e891a2ff1d49a9dd1b61d5fa9dacf8ac92956b7ff67c87478c34002f6185b99cf509969ea987bed5884f0cc6d607dc061ceb38964e494a0c909793c994bc2c26e50e67fc6943494efa77cb8c854bbf61f643ab62b2e7fbfa19a7b3e0fec298573dec6e2dadfbb9e58155bc5afc9de7f74e488005f74f61d61567fcebf57dcdad7cf1edefac29df4549d94ed65554f97111dfa1d46043fdcf46af453ca70440ba437fe006601e30c2712c47242931c0e9a333b86062167939c328183f82d4fec93cb7b8823b1efd2426bff392f34e64f11317d32f981493fb77b770a4856bef5ecebb25db6272ff47ef2c60def513680c37b369f36ed67f554569d92facdf54e5f9ee826ef007f002567cabd6712cd2c3290190ee940c5c03dc059ce238962e494eea43eea94398943b9cf59baa595bb12b26bf272f279377e64f6750fa912d56f49b9a501397ce2966c3d7d531b97ffeb8e1e4e50c634df92ebefcee773f2fde3b9c2dd8c2bed7016f9b20881c82120071251f9b1e9881da521fd4a811e9bcfffc659c9c1d17b327ff51f96b8869b3df65eb0ea77deffdac0d2805e603cb50011fe9664a00c4b5938059c0cd585d01e9e0d8b4204b9e991e775503cbbeaae6f2b9c5fcb9c759df7b3fdb0bbc8115efd9ec3816e9c5f4c94b5cfb0b28015ec4f6356703839c46e4234d9116de5af1035999699c313ac375389db278d916aebae37dea1a34927d801f8147b069b0a5683b9f38a60440fc220c9461ab9e97455f1b8b951deed55a5bdb78efe36d34855b993c31cbb7db04dbdae0c9451b99fb70292dad1acd8eda07bc03dc8e2d822d037cd53d487a2f9fbe95880090015c07dc088c761c8b2f9c9099c67183fa3130358581a941d206d8d98e14d25383a40f48216d80d532e89b924830da323998924830a5cf7f5e6f8ab4108eae966f0ab7fc53edb031dcfccf75a83e42a82e42a82ecc9eba30a1fa889deb2284eac3eca98bb0bba6911d555ab81ef523f032f02aaad8273ea50440e24102508025039703a96ec31139a85ae06deca1bf062dea139f530220f126084cc1e6512f455304e2562bf009f01af6f06f701b8e48e729019078360498095c0d4c701c8bf41e6dc0466c25ff9bc06eb7e188748d1200e92946029701570279e87f5bbcb719588215ebf9c9712c22474d6f92d2138dc00a0c291990a3d5fed07f0dd8ee3816114fe98d517aba0ca008b804988a1610caff6b02d6615b519702556ec311891d2500d29b04b112c4d3b0058423dd86233eb11358893df457613529447a3c2500d29b8d050a810b80f3d0e8406f510bacc6eaf097608d78447a1d2500222611380b4b060a818958f742897f116003f6b02f05be00e2ae4fb088d79400881c5c2270263665702e703e30d86944d259f5c0e7d85cfedae8595d89440ea00440a47312b02983738173805c600c9628883b2dd84afd72accefe3a6c485f55f8440e43098048d725613d0a723b1c13d0d441acb46235f6cb3b1c1540a3cba044e2951200116fb527056381533b9c4f01020ee38a37bf01df639feedbcf7ad88b7848098048f738064b024e8a1e2776b83ede615c2e556315f5b61f70de821ef42231a70440c4bd7e5842301218066462d50c8f8f9e338181cea2eb9abfb007fcafd1f32eaca84e35b6efbe123de4459c520220121f928141d84e84f67346f43a1d1880d531e88b8d36a447affb62d312fd3bdc2b00a41d70ff5a607f87aff702cdd8eaf9c6e8f71ba2d7f5d12304d460cd706ab0bef735d163df51ffc52222222222222222222222222222222222222222222222222222222222222222222222222222222222222222222222222222222222222222222222222222222222ddec6fd8e8f43904d83bff0000000049454e44ae426082, '2024-08-02 19:10:43');

-- --------------------------------------------------------

--
-- Table structure for table `details_orders`
--

CREATE TABLE `details_orders` (
  `Detail_ID` int NOT NULL,
  `Order_Number` varchar(50) COLLATE utf8mb4_general_ci NOT NULL,
  `Product_ID` int NOT NULL,
  `Quantity` int NOT NULL,
  `Price` decimal(10,2) NOT NULL,
  `Amount` decimal(10,2) NOT NULL,
  `Quantity_END` int DEFAULT NULL
) ENGINE=InnoDB DEFAULT CHARSET=utf8mb4 COLLATE=utf8mb4_general_ci;

--
-- Dumping data for table `details_orders`
--

INSERT INTO `details_orders` (`Detail_ID`, `Order_Number`, `Product_ID`, `Quantity`, `Price`, `Amount`, `Quantity_END`) VALUES
(150, 'PO-0015', 3, 1, 200.00, 200.00, NULL),
(151, 'PO-0015', 2, 1, 150.00, 150.00, NULL),
(158, 'PO-0016', 2, 1, 150.00, 150.00, 1),
(159, 'PO-0016', 3, 1, 200.00, 200.00, 1),
(160, 'PO-0016', 27, 1, 120.00, 120.00, 1),
(161, 'PO-0014', 2, 1, 150.00, 150.00, 1),
(162, 'PO-0001', 1, 1, 100.00, 100.00, 1),
(163, 'PO-0001', 2, 1, 150.00, 150.00, 1),
(164, 'PO-0001', 3, 1, 200.00, 200.00, 1),
(166, 'PO-0017', 2, 1, 150.00, 150.00, 1),
(168, 'PO-0018', 27, 1, 120.00, 120.00, 1),
(170, 'PO-0019', 2, 1, 150.00, 150.00, 1),
(172, 'PO-0020', 2, 1, 150.00, 150.00, 1),
(175, 'PO-0021', 3, 1, 200.00, 200.00, 1),
(176, 'PO-0022', 2, 1, 150.00, 150.00, 1),
(178, 'PO-0023', 2, 1, 150.00, 150.00, 1),
(180, 'PO-0024', 2, 1, 150.00, 150.00, 1),
(183, 'PO-0025', 2, 1, 150.00, 150.00, 3),
(184, 'PO-0025', 3, 1, 200.00, 200.00, 1),
(188, 'PO-0026', 2, 1, 150.00, 150.00, 1),
(205, 'PO-0027', 2, 1, 150.00, 150.00, 2),
(206, 'PO-0027', 3, 1, 200.00, 200.00, 1),
(208, 'PO-0028', 2, 1, 150.00, 150.00, 1),
(210, 'PO-0029', 2, 1, 150.00, 150.00, 1),
(212, 'PO-0031', 2, 1, 150.00, 150.00, NULL),
(213, 'PO-0031', 3, 1, 200.00, 200.00, NULL),
(218, 'PO-0030', 2, 1, 150.00, 150.00, 4),
(219, 'PO-0032', 2, 1, 150.00, 150.00, 1),
(244, 'PO-0033', 28, 5, 180.00, 900.00, 6),
(245, 'PO-0033', 29, 1, 220.00, 220.00, 1),
(261, 'PO-0034', 27, 2, 120.00, 240.00, 3),
(262, 'PO-0034', 31, 1, 190.00, 190.00, 1),
(281, 'PO-0040', 2, 1, 150.00, 150.00, NULL),
(290, 'PO-0035', 2, 3, 7.00, 21.00, 2),
(291, 'PO-0035', 28, 1, 180.00, 180.00, 1),
(292, 'PO-0035', 30, 1, 130.00, 130.00, 1),
(294, 'PO-0036', 2, 1, 150.00, 150.00, 1),
(295, 'PO-0037', 2, 1, 10.00, 10.00, 1),
(296, 'PO-0037', 3, 1, 100.00, 100.00, 1),
(297, 'PO-0038', 42, 2, 170.00, 340.00, NULL),
(298, 'PO-0038', 49, 1, 210.00, 210.00, NULL),
(300, 'PO-0041', 29, 1, 10.00, 10.00, 1),
(306, 'PO-0043', 3, 1, 200.00, 200.00, NULL),
(307, 'PO-0043', 29, 1, 220.00, 220.00, NULL),
(309, 'PO-0044', 27, 1, 120.00, 120.00, 1),
(310, 'PO-0045', 33, 1, 140.00, 140.00, NULL),
(311, 'PO-0042', 2, 1, 150.00, 150.00, 0),
(312, 'PO-0042', 3, 1, 500.00, 500.00, 0),
(313, 'PO-0042', 28, 1, 180.00, 180.00, 0),
(314, 'PO-0042', 31, 1, 190.00, 190.00, 0),
(326, 'PO-0052', 2, 1, 150.00, 150.00, 1),
(327, 'PO-0052', 3, 1, 200.00, 200.00, 1),
(330, 'PO-0046', 2, 1, 150.00, 150.00, NULL),
(338, 'PO-0053', 28, 5, 180.00, 900.00, 3),
(339, 'PO-0053', 30, 1, 130.00, 130.00, 1),
(342, 'PO-0054', 3, 1, 200.00, 200.00, 1),
(343, 'PO-0054', 35, 10, 230.00, 2300.00, 10),
(354, 'PO-0058', 3, 1, 200.00, 200.00, 0),
(355, 'PO-0058', 29, 1, 220.00, 220.00, 1),
(356, 'PO-0058', 31, 1, 190.00, 190.00, 1),
(357, 'PO-0055', 3, 1, 200.00, 200.00, 1),
(358, 'PO-0060', 3, 1, 200.00, 200.00, NULL),
(367, 'PO-0061', 27, 1, 120.00, 120.00, NULL),
(369, 'PO-0062', 36, 50, 150.00, 7500.00, 50),
(372, 'PO-0063', 28, 30, 180.00, 5400.00, 30),
(373, 'PO-0063', 36, 10, 150.00, 1500.00, 10),
(377, 'PO-0064', 28, 30, 180.00, 5400.00, 30),
(378, 'PO-0064', 31, 15, 190.00, 2850.00, 15),
(379, 'PO-0064', 36, 40, 150.00, 6000.00, 40),
(383, 'PO-0065', 36, 18, 150.00, 2700.00, 18),
(384, 'PO-0066', 2, 5, 150.00, 750.00, 5),
(385, 'PO-0066', 36, 15, 150.00, 2250.00, 15),
(386, 'PO-0067', 29, 1, 220.00, 220.00, NULL),
(390, 'PO-0068', 36, 30, 150.00, 4500.00, 30),
(392, 'PO-0069', 41, 10, 250.00, 2500.00, 10),
(395, 'PO-0070', 27, 15, 120.00, 1800.00, 15),
(396, 'PO-0070', 41, 5, 250.00, 1250.00, 5),
(398, 'PO-0071', 2, 1, 150.00, 150.00, NULL),
(399, 'PO-0071', 3, 1, 200.00, 200.00, NULL);

-- --------------------------------------------------------

--
-- Table structure for table `details_transfer`
--

CREATE TABLE `details_transfer` (
  `Detail_ID` int NOT NULL,
  `transfer_Number` varchar(50) COLLATE utf8mb4_general_ci NOT NULL,
  `Product_ID` int NOT NULL,
  `Quantity` int NOT NULL,
  `Price` decimal(10,2) NOT NULL,
  `Amount` decimal(10,2) NOT NULL,
  `Quantity_END` int DEFAULT NULL
) ENGINE=InnoDB DEFAULT CHARSET=utf8mb4 COLLATE=utf8mb4_general_ci;

--
-- Dumping data for table `details_transfer`
--

INSERT INTO `details_transfer` (`Detail_ID`, `transfer_Number`, `Product_ID`, `Quantity`, `Price`, `Amount`, `Quantity_END`) VALUES
(17, 'TRF-0009', 2, 1, 150.00, 150.00, 1),
(27, 'TRF-0018', 1, 1, 100.00, 100.00, 0),
(29, 'TRF-0019', 1, 1, 100.00, 100.00, 1),
(30, 'TRF-0017', 1, 1, 100.00, 100.00, 1),
(31, 'TRF-0010', 1, 1, 100.00, 100.00, 1),
(35, 'TRF-0020', 1, 1, 100.00, 100.00, 1),
(36, 'TRF-0020', 3, 1, 200.00, 200.00, 1),
(37, 'TRF-0020', 27, 1, 120.00, 120.00, 1),
(38, 'TRF-0021', 36, 1, 150.00, 150.00, 0),
(39, 'TRF-0021', 41, 1, 250.00, 250.00, 0),
(42, 'TRF-0023', 36, 1, 150.00, 150.00, 0),
(43, 'TRF-0023', 41, 1, 250.00, 250.00, 0),
(44, 'TRF-0023', 36, 1, 150.00, 150.00, 0),
(45, 'TRF-0023', 41, 1, 250.00, 250.00, 0),
(48, 'TRF-0024', 42, 1, 170.00, 170.00, 1),
(49, 'TRF-0026', 42, 1, 170.00, 170.00, 0),
(52, 'TRF-0027', 31, 1, 190.00, 190.00, 1),
(53, 'TRF-0027', 36, 1, 150.00, 150.00, 1),
(54, 'TRF-0022', 36, 1, 150.00, 150.00, 1),
(55, 'TRF-0022', 41, 1, 250.00, 250.00, 1),
(58, 'TRF-0028', 2, 5, 150.00, 750.00, 5),
(59, 'TRF-0028', 36, 32, 150.00, 4800.00, 32);

-- --------------------------------------------------------

--
-- Table structure for table `item_availabilities`
--

CREATE TABLE `item_availabilities` (
  `Item_Availability_ID` int NOT NULL,
  `Product_ID` int NOT NULL,
  `Warehouse_ID` int NOT NULL,
  `Quantity` int NOT NULL
) ENGINE=InnoDB DEFAULT CHARSET=utf8mb4 COLLATE=utf8mb4_general_ci;

--
-- Dumping data for table `item_availabilities`
--

INSERT INTO `item_availabilities` (`Item_Availability_ID`, `Product_ID`, `Warehouse_ID`, `Quantity`) VALUES
(1, 36, 1, 200),
(2, 41, 1, 49),
(3, 36, 2, 76),
(4, 42, 2, 35),
(5, 27, 2, 8),
(6, 28, 1, 30),
(7, 31, 1, 15),
(8, 2, 1, 0),
(9, 36, 3, 61),
(10, 41, 3, 15),
(11, 27, 3, 15),
(12, 41, 2, 1),
(13, 2, 3, 5);

-- --------------------------------------------------------

--
-- Table structure for table `modules`
--

CREATE TABLE `modules` (
  `module_id` int NOT NULL,
  `module_name` varchar(50) COLLATE utf8mb4_general_ci NOT NULL,
  `description` varchar(255) COLLATE utf8mb4_general_ci NOT NULL
) ENGINE=InnoDB DEFAULT CHARSET=utf8mb4 COLLATE=utf8mb4_general_ci;

--
-- Dumping data for table `modules`
--

INSERT INTO `modules` (`module_id`, `module_name`, `description`) VALUES
(1, 'Module A', 'Description of Module A'),
(2, 'Module B', 'Description of Module B'),
(3, 'Module C', 'Description of Module C');

-- --------------------------------------------------------

--
-- Table structure for table `orders`
--

CREATE TABLE `orders` (
  `Order_ID` int NOT NULL,
  `Order_Number` varchar(50) COLLATE utf8mb4_general_ci NOT NULL,
  `Order_Date` date NOT NULL,
  `Order_Status` enum('Open','Cancelled','In-Progress','Completed') COLLATE utf8mb4_general_ci NOT NULL,
  `Warehouse_ID` int NOT NULL,
  `User_ID_Responsable` int NOT NULL,
  `Supplier_ID` int NOT NULL,
  `Reference` varchar(100) COLLATE utf8mb4_general_ci DEFAULT NULL,
  `Delivery_Date` date DEFAULT NULL
) ENGINE=InnoDB DEFAULT CHARSET=utf8mb4 COLLATE=utf8mb4_general_ci;

--
-- Dumping data for table `orders`
--

INSERT INTO `orders` (`Order_ID`, `Order_Number`, `Order_Date`, `Order_Status`, `Warehouse_ID`, `User_ID_Responsable`, `Supplier_ID`, `Reference`, `Delivery_Date`) VALUES
(13, 'PO-0001', '2024-05-13', 'Completed', 2, 38, 2, 'REF#-0001', '2024-07-16'),
(14, 'PO-0014', '2024-06-13', 'Completed', 2, 38, 2, 'REF#-0014', '2024-07-16'),
(15, 'PO-0015', '2024-07-13', 'Cancelled', 2, 38, 2, 'REF#-0015', '2024-07-16'),
(16, 'PO-0016', '2024-06-13', 'Completed', 2, 38, 1, 'REF#-0016', '2024-07-16'),
(17, 'PO-0017', '2024-07-13', 'Completed', 2, 38, 2, 'REF#-0017', '2024-07-16'),
(18, 'PO-0018', '2024-05-13', 'Completed', 2, 38, 2, 'REF#-0018', '2024-07-16'),
(19, 'PO-0019', '2024-07-13', 'Completed', 2, 38, 2, 'REF#-0019', '2024-07-16'),
(20, 'PO-0020', '2024-07-13', 'Completed', 2, 38, 2, 'REF#-0020', '2024-07-16'),
(21, 'PO-0021', '2024-07-13', 'Completed', 2, 38, 2, 'REF#-0021', '2024-07-16'),
(22, 'PO-0022', '2024-06-13', 'Completed', 2, 38, 2, 'REF#-0022', '2024-07-16'),
(23, 'PO-0023', '2024-07-13', 'Completed', 2, 38, 2, 'REF#-0023', '2024-07-16'),
(24, 'PO-0024', '2024-07-13', 'Completed', 2, 38, 2, 'REF#-0024', '2024-07-16'),
(25, 'PO-0025', '2024-07-13', 'Completed', 2, 38, 2, 'REF#-0025', '2024-07-16'),
(26, 'PO-0026', '2024-07-13', 'Completed', 2, 38, 2, 'REF#-0026', '2024-07-16'),
(27, 'PO-0027', '2024-07-13', 'Completed', 1, 38, 2, 'REF#-0027', '2024-07-16'),
(28, 'PO-0028', '2024-07-13', 'Completed', 2, 38, 2, 'REF#-0028', '2024-07-16'),
(29, 'PO-0029', '2024-07-13', 'Completed', 2, 38, 2, 'REF#-0029', '2024-07-16'),
(30, 'PO-0030', '2024-07-13', 'Completed', 2, 38, 2, 'REF#-0030', '2024-07-16'),
(31, 'PO-0031', '2024-07-13', 'Cancelled', 2, 38, 2, 'REF#-0031', '2024-07-16'),
(32, 'PO-0032', '2024-07-13', 'Completed', 1, 38, 2, 'REF#-0032', '2024-07-16'),
(33, 'PO-0033', '2024-07-13', 'Completed', 1, 38, 2, 'REF#-0033', '2024-07-16'),
(34, 'PO-0034', '2024-07-13', 'Completed', 2, 38, 2, 'REF#-00342', '2024-07-16'),
(35, 'PO-0035', '2024-07-13', 'Completed', 2, 38, 2, 'REF#-0035', '2024-07-16'),
(36, 'PO-0036', '2024-07-13', 'Completed', 2, 38, 2, 'REF#-0036', '2024-07-16'),
(37, 'PO-0037', '2024-07-13', 'Completed', 2, 38, 2, 'REF#-0037', '2024-07-16'),
(38, 'PO-0038', '2024-07-14', 'Cancelled', 2, 38, 1, 'REF#-0038', '2024-07-17'),
(40, 'PO-0040', '2024-07-14', 'Cancelled', 2, 38, 2, 'REF#-0040', '2024-07-17'),
(41, 'PO-0041', '2024-07-14', 'Completed', 2, 38, 2, 'REF#-0041', '2024-07-17'),
(42, 'PO-0042', '2024-07-16', 'Completed', 2, 38, 2, 'REF#-0042', '2024-07-19'),
(43, 'PO-0043', '2024-07-24', 'Cancelled', 2, 38, 2, 'REF#-0043', '2024-07-27'),
(44, 'PO-0044', '2024-07-24', 'Completed', 2, 38, 2, 'REF#-0044', '2024-07-27'),
(45, 'PO-0045', '2024-07-24', 'Cancelled', 2, 38, 2, 'REF#-0045', '2024-07-27'),
(51, 'PO-0046', '2024-07-29', 'Cancelled', 3, 38, 2, 'REF#-00461', '2024-08-01'),
(52, 'PO-0052', '2024-07-29', 'Completed', 1, 38, 2, 'REF#-0052', '2024-08-01'),
(53, 'PO-0053', '2024-07-29', 'Completed', 2, 38, 1, 'REF#-0053', '2024-08-01'),
(54, 'PO-0054', '2024-07-29', 'Completed', 1, 38, 1, 'REF#-0054', '2024-08-01'),
(57, 'PO-0055', '2024-08-02', 'Completed', 3, 70, 2, 'REF#-0055', '2024-08-05'),
(59, 'PO-0058', '2024-08-02', 'Completed', 3, 70, 2, 'REF#-0058', '2024-08-05'),
(60, 'PO-0060', '2024-08-02', 'Cancelled', 3, 70, 2, 'REF#-0060', '2024-08-05'),
(61, 'PO-0061', '2024-08-02', 'In-Progress', 2, 70, 1, 'REF#-0061', '2024-08-05'),
(62, 'PO-0062', '2024-08-03', 'Completed', 1, 70, 2, 'REF#-0062', '2024-08-06'),
(63, 'PO-0063', '2024-08-03', 'Completed', 1, 70, 1, 'REF#-0063', '2024-08-06'),
(64, 'PO-0064', '2024-08-03', 'Completed', 1, 70, 1, 'REF#-0064', '2024-08-06'),
(65, 'PO-0065', '2024-08-03', 'Completed', 3, 70, 2, 'REF#-0065', '2024-08-06'),
(66, 'PO-0066', '2024-08-03', 'Completed', 2, 70, 2, 'REF#-0066', '2024-08-06'),
(67, 'PO-0067', '2024-08-03', 'Open', 3, 70, 1, 'REF#-0067', '2024-08-06'),
(68, 'PO-0068', '2024-08-03', 'Completed', 3, 70, 1, 'REF#-0068', '2024-08-06'),
(69, 'PO-0069', '2024-08-03', 'Completed', 3, 70, 2, 'REF#-0069', '2024-08-06'),
(70, 'PO-0070', '2024-08-03', 'Completed', 3, 70, 2, 'REF#-0070', '2024-08-06'),
(71, 'PO-0071', '2024-08-04', 'Open', 2, 70, 2, 'REF#-0071ss', '2024-08-07');

--
-- Triggers `orders`
--
DELIMITER $$
CREATE TRIGGER `AfterOrderInsert` AFTER INSERT ON `orders` FOR EACH ROW BEGIN
    INSERT INTO transaction_system (User_ID, Module_ID, Action_Type, Table_Name, Action_Date, Details)
    VALUES (NEW.User_ID_Responsable, '3', 'INSERT', 'orders', NOW(), CONCAT('New Order Created with ID: ', NEW.Order_ID));
END
$$
DELIMITER ;
DELIMITER $$
CREATE TRIGGER `AfterOrderUpdate` AFTER UPDATE ON `orders` FOR EACH ROW BEGIN
    INSERT INTO transaction_system (User_ID, Module_ID, Action_Type, Table_Name, Action_Date, Details)
    VALUES (NEW.User_ID_Responsable, '3', 'UPDATE', 'orders', NOW(), CONCAT('Order Updated with ID: ', NEW.Order_ID));
END
$$
DELIMITER ;
DELIMITER $$
CREATE TRIGGER `CancellOrder` AFTER UPDATE ON `orders` FOR EACH ROW BEGIN
    IF OLD.Order_Status <> NEW.Order_Status AND NEW.Order_Status = 'Cancelled' THEN 
        INSERT INTO transaction_system (User_ID, Module_ID, Action_Type, Table_Name, Action_Date, Details)
        VALUES (NEW.User_ID_Responsable, '3', 'CANCEL', 'orders', NOW(), 'Purchase Order was Cancelled');
    END IF;
END
$$
DELIMITER ;

-- --------------------------------------------------------

--
-- Table structure for table `Products`
--

CREATE TABLE `Products` (
  `Product_ID` int NOT NULL,
  `Product_Name` varchar(100) COLLATE utf8mb4_general_ci NOT NULL,
  `Category_ID` int NOT NULL,
  `Description` varchar(255) COLLATE utf8mb4_general_ci NOT NULL,
  `Brand` varchar(100) COLLATE utf8mb4_general_ci NOT NULL,
  `Model` varchar(100) COLLATE utf8mb4_general_ci NOT NULL,
  `Price` decimal(10,2) NOT NULL,
  `Supplier_ID` int NOT NULL,
  `Minimum_Level` int NOT NULL,
  `Maximum_Level` int NOT NULL,
  `SKU` varchar(50) COLLATE utf8mb4_general_ci NOT NULL,
  `UPC` varchar(50) COLLATE utf8mb4_general_ci NOT NULL,
  `EAN` varchar(50) COLLATE utf8mb4_general_ci NOT NULL,
  `ISBN` varchar(50) COLLATE utf8mb4_general_ci NOT NULL,
  `UNIT` varchar(50) COLLATE utf8mb4_general_ci NOT NULL,
  `Barcode` varchar(50) COLLATE utf8mb4_general_ci NOT NULL,
  `image` varchar(255) COLLATE utf8mb4_general_ci DEFAULT NULL,
  `SERIAL` varchar(255) COLLATE utf8mb4_general_ci DEFAULT NULL,
  `Status` enum('Active','Inactive') COLLATE utf8mb4_general_ci NOT NULL DEFAULT 'Active',
  `Max_Stock_Time` int NOT NULL
) ENGINE=InnoDB DEFAULT CHARSET=utf8mb4 COLLATE=utf8mb4_general_ci;

--
-- Dumping data for table `Products`
--

INSERT INTO `Products` (`Product_ID`, `Product_Name`, `Category_ID`, `Description`, `Brand`, `Model`, `Price`, `Supplier_ID`, `Minimum_Level`, `Maximum_Level`, `SKU`, `UPC`, `EAN`, `ISBN`, `UNIT`, `Barcode`, `image`, `SERIAL`, `Status`, `Max_Stock_Time`) VALUES
(1, 'Product A', 1, 'Description of Product ', 'Brand A', 'Model X', 100.00, 1, 10, 100, 'SKU123', '', '', '', 'Unit', '', '', 'Serial123', 'Inactive', 0),
(2, 'Product B', 2, 'Description of Product B', 'Brand B', 'Model Y', 150.00, 2, 5, 50, 'SKU456', 'UPC456', 'EAN456', 'ISBN456', 'Unit', 'Barcode456', NULL, 'Serial456', 'Inactive', 15),
(3, 'Product C', 3, 'Description of Product C', 'Brand C', 'Model Z', 200.00, 1, 16, 150, 'SKU789', '', '', '', 'Unit', '', '', 'Serial789', 'Inactive', 0),
(27, 'Product D', 2, 'Description of Product D', 'Brand D', 'Model D1', 120.00, 2, 8, 80, 'SKU246', 'UPC246', 'EAN246', 'ISBN246', 'Unit', 'Barcode246', NULL, NULL, 'Inactive', 20),
(28, 'Product E', 1, 'Description of Product E', 'Brand E', 'Model E1', 180.00, 1, 7, 70, 'SKU357', 'UPC357', 'EAN357', 'ISBN357', 'Unit', 'Barcode357', NULL, NULL, 'Inactive', 18),
(29, 'Product F', 3, 'Description of Product F', 'Brand F', 'Model F1', 220.00, 1, 12, 120, 'SKU468', '', '', '', 'Unit', '', '', '', 'Inactive', 0),
(30, 'Product G', 2, 'Description of Product G', 'Brand G', 'Model G1', 130.00, 2, 6, 60, 'SKU579', 'UPC579', 'EAN579', 'ISBN579', 'Unit', 'Barcode579', NULL, NULL, 'Inactive', 16),
(31, 'Product H', 1, 'Description of Product H', 'Brand H', 'Model H1', 190.00, 1, 9, 90, 'SKU680', 'UPC680', 'EAN680', 'ISBN680', 'Unit', 'Barcode680', NULL, NULL, 'Inactive', 19),
(33, 'Product J', 2, 'Description of Product J', 'Brand J', 'Model J1', 140.00, 1, 7, 70, 'SKU802', '', '', '', 'Unit', '', '', '', 'Inactive', 0),
(34, 'Product K', 1, 'Description of Product K', 'Brand K', 'Model K1', 200.00, 1, 10, 100, 'SKU913', '', '', '', 'Unit', '', '', '', 'Inactive', 0),
(35, 'Product L', 3, 'Description of Product L', 'Brand L', 'Model L1', 230.00, 1, 16, 160, 'SKU024', 'UPC024', 'EAN024', 'ISBN024', 'Unit', 'Barcode024', NULL, NULL, 'Inactive', 26),
(36, 'Product M', 1, 'Description of Product M', 'Brand M', 'Model M1', 150.00, 1, 8, 80, 'SKU135', '', '', '', 'Unit', '', '', '', 'Inactive', 0),
(37, 'Product N', 1, 'Description of Product N', 'Brand N', 'Model N1', 170.00, 1, 6, 60, 'SKU246', 'UPC246', 'EAN246', 'ISBN246', 'Unit', 'Barcode246', NULL, NULL, 'Inactive', 15),
(38, 'Product O', 3, 'Description of Product O', 'Brand O', 'Model O1', 240.00, 1, 13, 130, 'SKU357', 'UPC357', 'EAN357', 'ISBN357', 'Unit', 'Barcode357', NULL, NULL, 'Inactive', 23),
(39, 'Product P', 2, 'Description of Product P', 'Brand P', 'Model P1', 160.00, 2, 9, 90, 'SKU468', 'UPC468', 'EAN468', 'ISBN468', 'Unit', 'Barcode468', NULL, NULL, 'Inactive', 18),
(40, 'Product Q', 1, 'Description of Producttt', 'Brand Q', 'Model Q1', 180.00, 1, 1, 110, 'SKU579', '', '', '', 'Unit', '', '', '', 'Inactive', 0),
(41, 'Product R1', 3, 'Description of Product R', 'Brand R', 'Model R1', 250.00, 1, 17, 170, 'SKU680', '', '', '', 'Unit', '', '', '', 'Inactive', 0),
(42, 'Product S1', 2, 'Description of Product S', 'Brand S', 'Model S1', 170.00, 1, 10, 100, 'SKU791', '', '', '', 'Unit', '', '', '', 'Inactive', 0),
(43, 'Product T', 1, 'Description of Product T', 'Brand T', 'Model T1', 190.00, 1, 8, 80, 'SKU802', 'UPC802', 'EAN802', 'ISBN802', 'Unit', 'Barcode802', NULL, NULL, 'Inactive', 16),
(44, 'Product U1', 3, 'Description of Product U', 'Brand U', 'Model U1', 260.00, 1, 15, 150, 'SKU913', '', '', '', 'Unit', '', '', '', 'Active', 0),
(45, 'Product V', 2, 'Description of Product V', 'Brand V', 'Model V1', 180.00, 2, 11, 110, 'SKU024', 'UPC024', 'EAN024', 'ISBN024', 'Unit', 'Barcode024', NULL, NULL, 'Active', 21),
(46, 'Product W', 1, 'Description of Product W', 'Brand W', 'Model W1', 200.00, 1, 9, 90, 'SKU135', 'UPC135', 'EAN135', 'ISBN135', 'Unit', 'Barcode135', NULL, NULL, 'Inactive', 18),
(47, 'Product X', 3, 'Description of Product X', 'Brand X', 'Model X1', 270.00, 1, 16, 160, 'SKU246', 'UPC246', 'EAN246', 'ISBN246', 'Unit', 'Barcode246', NULL, NULL, 'Active', 26),
(48, 'Product Y', 2, 'Description of Product Y', 'Brand Y', 'Model Y1', 190.00, 2, 12, 120, 'SKU357', 'UPC357', 'EAN357', 'ISBN357', 'Unit', 'Barcode357', NULL, NULL, 'Active', 22),
(49, 'Product Z', 1, 'Description of Product Z', 'Brand Z', 'Model Z1', 210.00, 1, 10, 100, 'SKU468', 'UPC468', 'EAN468', 'ISBN468', 'Unit', 'Barcode468', NULL, NULL, 'Inactive', 20),
(68, 'TEst 3', 15, '', '', '', 1.00, 1, 1, 0, 'zxcv', '', '', '', 'Bx', '', '', '', 'Inactive', 0),
(69, 'unos', 15, '', '', 'uno', 1.00, 1, 1, 0, 'uno', '', '', '', 'Bx', '', '', '', 'Inactive', 0),
(70, 'dos', 15, '', '', 'sd', 1.00, 1, 1, 0, 'sdsd', '', '', '', 'Dz', '', 'ab77cfb23c03941f98c0c35c4b19821e.png', '', 'Inactive', 0),
(71, 'tres', 5, '', '', '', 1.00, 1, 1, 0, 'dsd', '', '', '', 'Dz', '', '332dca3271ecea4b2c7d56aa32d53f59.png', '', 'Inactive', 0),
(72, 'warwe', 15, '', '', '', 1.00, 1, 1, 0, '214524', '', '', '', 'Bx', '', '', '', 'Inactive', 9999),
(73, 'dfsdf', 5, '', '', '', 1.00, 1, 1, 0, 'dsf', '', '', '', 'Bx', '', '', '', 'Inactive', 9999),
(74, 'treintas', 1, '', '', '', 1.00, 1, 1, 0, 'treinta', '', '', '', 'Dz', '', '', '', 'Inactive', 0),
(75, 'Cuarenta', 12, '', '', '', 1.00, 1, 1, 0, 'cuarenta', '', '', '', 'Kl', '', '1ff73ddfcbeffe3f57f91293072c99a9.png', '', 'Inactive', 9999),
(76, '4100', 8, '', '', '', 1.00, 1, 1, 0, '4100', '', '', '', 'Dz', '', '5d02f0ef7b9524b838fb7310c2021b54.png', '', 'Inactive', 9999),
(77, '4101', 1, '', '', '', 1.00, 1, 1, 0, 'sd', '', '', '', 'Pa', '', '', '', 'Inactive', 9999),
(78, '4002sss', 2, '', '', '', 1.00, 1, 1, 0, '4002', '', '', '', 'Mt', '', '', '', 'Inactive', 0),
(79, '4003', 7, '4003', '', '', 1.00, 1, 1, 0, '4003', '', '', '', 'Dz', '', '', '', 'Inactive', 9999),
(80, '4004', 11, '', '', '', 1.00, 1, 1, 0, '4004', '', '', '', 'Tb', '', '0fe1e6551fe672369d67a736d2511d02.png', '', 'Inactive', 9999),
(81, '4005', 9, '', '4005', '5004', 1.00, 1, 3, 0, '4005', '', '', '', 'Pc', '', '10a28aebfc2e608dc0e987ff4c8845da.png', '5004', 'Active', 0),
(82, '4006', 7, '4006', '4006', '4006', 1.00, 1, 2, 0, '4006', '', '', '', 'Pc', '', 'dc417242fc998e13fe635c2546632ed2.jpeg', '4006', 'Active', 9999);

-- --------------------------------------------------------

--
-- Table structure for table `Product_Categories`
--

CREATE TABLE `Product_Categories` (
  `Category_ID` int NOT NULL,
  `Category_Name` varchar(100) COLLATE utf8mb4_general_ci NOT NULL,
  `Description` varchar(255) COLLATE utf8mb4_general_ci NOT NULL
) ENGINE=InnoDB DEFAULT CHARSET=utf8mb4 COLLATE=utf8mb4_general_ci;

--
-- Dumping data for table `Product_Categories`
--

INSERT INTO `Product_Categories` (`Category_ID`, `Category_Name`, `Description`) VALUES
(1, 'Entertainment', 'Description of Category A'),
(2, 'Furniture', 'Description of Category B'),
(3, 'Maintenance', 'Description of Category C'),
(4, 'Groceries', 'Products for daily consumption such as cereals, canned goods, and other non-perishable foods.'),
(5, 'Construction', 'Materials and tools for building and remodeling structures.'),
(6, 'Personal Care', 'Products for personal hygiene and daily grooming.'),
(7, 'Decoration', 'Items and accessories to beautify and personalize interior spaces.'),
(8, 'Electronics', 'Electronic products such as phones, computers, and accessories.'),
(9, 'Fruits and Vegetables', 'Fresh and healthy products from plants and trees.'),
(10, 'Smart Home', 'Devices and systems for a connected home.'),
(11, 'Home and Kitchen', 'Appliances and utensils for home and kitchen use.'),
(12, 'Gardening', 'Tools and supplies for gardening and cultivation.'),
(13, 'Toys', 'Toys for children of all ages.'),
(14, 'Liquors', 'Alcoholic beverages such as liquors and spirits.'),
(15, 'Books', 'Books of various genres and authors.'),
(16, 'Music', 'Musical instruments and audio equipment.'),
(17, 'Spare Parts and Tools', 'Replacement parts and tools for various equipment and repairs.'),
(18, 'Others', 'Categories that do not fit into the other listed categories.');

-- --------------------------------------------------------

--
-- Table structure for table `roles`
--

CREATE TABLE `roles` (
  `role_id` int NOT NULL,
  `role_name` varchar(50) COLLATE utf8mb4_general_ci NOT NULL
) ENGINE=InnoDB DEFAULT CHARSET=utf8mb4 COLLATE=utf8mb4_general_ci;

--
-- Dumping data for table `roles`
--

INSERT INTO `roles` (`role_id`, `role_name`) VALUES
(1, 'Admin'),
(2, 'Manager'),
(3, 'Basic User'),
(5, 'Reports');

-- --------------------------------------------------------

--
-- Table structure for table `roles_modules`
--

CREATE TABLE `roles_modules` (
  `role_id` int NOT NULL,
  `module_id` int NOT NULL
) ENGINE=InnoDB DEFAULT CHARSET=utf8mb4 COLLATE=utf8mb4_general_ci;

--
-- Dumping data for table `roles_modules`
--

INSERT INTO `roles_modules` (`role_id`, `module_id`) VALUES
(1, 1),
(2, 2),
(3, 3);

-- --------------------------------------------------------

--
-- Table structure for table `Suppliers`
--

CREATE TABLE `Suppliers` (
  `Supplier_ID` int NOT NULL,
  `Company_Name` varchar(255) COLLATE utf8mb4_general_ci NOT NULL,
  `Contact_Name` varchar(100) COLLATE utf8mb4_general_ci NOT NULL,
  `Contact_Title` varchar(100) COLLATE utf8mb4_general_ci NOT NULL,
  `Address` varchar(255) COLLATE utf8mb4_general_ci NOT NULL,
  `City` varchar(50) COLLATE utf8mb4_general_ci NOT NULL,
  `Province` varchar(50) COLLATE utf8mb4_general_ci NOT NULL,
  `Postal_Code` varchar(50) COLLATE utf8mb4_general_ci NOT NULL,
  `Country` varchar(50) COLLATE utf8mb4_general_ci NOT NULL,
  `Phone` varchar(20) COLLATE utf8mb4_general_ci NOT NULL,
  `Email` varchar(100) COLLATE utf8mb4_general_ci NOT NULL
) ENGINE=InnoDB DEFAULT CHARSET=utf8mb4 COLLATE=utf8mb4_general_ci;

--
-- Dumping data for table `Suppliers`
--

INSERT INTO `Suppliers` (`Supplier_ID`, `Company_Name`, `Contact_Name`, `Contact_Title`, `Address`, `City`, `Province`, `Postal_Code`, `Country`, `Phone`, `Email`) VALUES
(1, 'Walmart Store1', 'John Doe1', 'Manager1', '123 Supplier St.', 'Supplier City', 'Supplier Province', '12345', 'country', '123-456-7890', 'hamilson.bm@gmail.com'),
(2, 'Microsoft', 'Jane Smith', 'Manager', '456 Supplier St.', 'Supplierville', 'Supplier State', '54321', 'Supplierland', '987-654-3210', 'hamilson.bm@gmail.com');

-- --------------------------------------------------------

--
-- Table structure for table `transactions`
--

CREATE TABLE `transactions` (
  `Transaction_ID` int NOT NULL,
  `Type` enum('PO','TRF') COLLATE utf8mb4_general_ci NOT NULL COMMENT 'PO = Purchase Order, TRF= Transfer',
  `Transactions_Number` varchar(50) COLLATE utf8mb4_general_ci NOT NULL,
  `Date` date NOT NULL,
  `Product_ID` int NOT NULL,
  `Quantity` int NOT NULL,
  `Price` decimal(10,2) NOT NULL,
  `Origin_ID` int NOT NULL,
  `Destination_ID` int NOT NULL COMMENT 'Warehouse'
) ENGINE=InnoDB DEFAULT CHARSET=utf8mb4 COLLATE=utf8mb4_general_ci;

--
-- Dumping data for table `transactions`
--

INSERT INTO `transactions` (`Transaction_ID`, `Type`, `Transactions_Number`, `Date`, `Product_ID`, `Quantity`, `Price`, `Origin_ID`, `Destination_ID`) VALUES
(10, 'PO', 'PO-0001', '2024-07-13', 1, 9, 500.00, 1, 1),
(11, 'PO', 'PO-0001', '2024-07-13', 2, 9, 150.00, 1, 1),
(12, 'PO', 'PO-0001', '2024-07-13', 1, 8, 500.00, 1, 1),
(13, 'PO', 'PO-0001', '2024-07-13', 2, 1, 150.00, 1, 1),
(14, 'PO', 'PO-0001', '2024-07-13', 1, 7, 500.00, 1, 1),
(15, 'PO', 'PO-0001', '2024-07-13', 2, 1, 150.00, 1, 1),
(19, 'PO', 'PO-0016', '2024-07-13', 2, 1, 150.00, 1, 1),
(20, 'PO', 'PO-0016', '2024-07-13', 3, 1, 200.00, 1, 1),
(21, 'PO', 'PO-0016', '2024-07-13', 27, 1, 120.00, 1, 1),
(22, 'PO', 'PO-0014', '2024-07-13', 2, 1, 150.00, 1, 1),
(23, 'PO', 'PO-0001', '2024-07-13', 1, 1, 100.00, 1, 1),
(24, 'PO', 'PO-0001', '2024-07-13', 2, 1, 150.00, 1, 1),
(25, 'PO', 'PO-0001', '2024-07-13', 3, 1, 200.00, 1, 1),
(26, 'PO', 'PO-0017', '2024-07-13', 2, 1, 150.00, 1, 1),
(27, 'PO', 'PO-0018', '2024-07-13', 27, 1, 120.00, 1, 1),
(28, 'PO', 'PO-0019', '2024-07-13', 2, 1, 150.00, 1, 1),
(29, 'PO', 'PO-0020', '2024-07-13', 2, 1, 150.00, 1, 1),
(30, 'PO', 'PO-0021', '2024-07-13', 3, 1, 200.00, 1, 1),
(31, 'PO', 'PO-0022', '2024-07-13', 2, 1, 150.00, 1, 1),
(32, 'PO', 'PO-0023', '2024-07-13', 2, 1, 150.00, 1, 1),
(33, 'PO', 'PO-0024', '2024-07-13', 2, 1, 150.00, 1, 1),
(34, 'PO', 'PO-0025', '2024-07-13', 2, 3, 150.00, 1, 1),
(35, 'PO', 'PO-0025', '2024-07-13', 3, 1, 200.00, 1, 1),
(36, 'PO', 'PO-0026', '2024-07-13', 2, 1, 150.00, 1, 1),
(37, 'PO', 'PO-0027', '2024-07-13', 2, 2, 150.00, 1, 1),
(38, 'PO', 'PO-0027', '2024-07-13', 3, 1, 200.00, 1, 1),
(39, 'PO', 'PO-0028', '2024-07-13', 2, 1, 150.00, 1, 1),
(40, 'PO', 'PO-0029', '2024-07-13', 2, 1, 150.00, 1, 1),
(41, 'PO', 'PO-0030', '2024-07-13', 2, 4, 150.00, 1, 1),
(42, 'PO', 'PO-0032', '2024-07-13', 2, 1, 150.00, 1, 1),
(43, 'PO', 'PO-0033', '2024-07-13', 28, 6, 180.00, 1, 1),
(44, 'PO', 'PO-0033', '2024-07-13', 29, 1, 220.00, 1, 1),
(45, 'PO', 'PO-0033', '2024-07-13', 28, 6, 180.00, 1, 1),
(46, 'PO', 'PO-0033', '2024-07-13', 29, 1, 220.00, 1, 1),
(47, 'PO', 'PO-0033', '2024-07-13', 28, 6, 180.00, 1, 1),
(48, 'PO', 'PO-0033', '2024-07-13', 29, 1, 220.00, 1, 1),
(49, 'PO', 'PO-0034', '2024-07-13', 27, 5, 120.00, 1, 1),
(50, 'PO', 'PO-0034', '2024-07-13', 31, 1, 190.00, 1, 1),
(51, 'PO', 'PO-0035', '2024-07-13', 2, 2, 150.00, 1, 1),
(52, 'PO', 'PO-0035', '2024-07-13', 28, 3, 180.00, 1, 1),
(53, 'PO', 'PO-0035', '2024-07-13', 30, 1, 130.00, 1, 1),
(54, 'PO', 'PO-0035', '2024-07-13', 2, 2, 150.00, 1, 1),
(55, 'PO', 'PO-0035', '2024-07-13', 28, 3, 180.00, 1, 1),
(56, 'PO', 'PO-0035', '2024-07-13', 30, 1, 130.00, 1, 1),
(57, 'PO', 'PO-0035', '2024-07-13', 2, 2, 150.00, 1, 1),
(58, 'PO', 'PO-0035', '2024-07-13', 28, 3, 180.00, 1, 1),
(59, 'PO', 'PO-0035', '2024-07-13', 30, 1, 130.00, 1, 1),
(60, 'PO', 'PO-0034', '2024-07-13', 27, 3, 120.00, 1, 1),
(61, 'PO', 'PO-0034', '2024-07-13', 31, 1, 190.00, 1, 1),
(62, 'PO', 'PO-0035', '2024-07-15', 2, 2, 7.00, 1, 1),
(63, 'PO', 'PO-0035', '2024-07-15', 28, 1, 180.00, 1, 1),
(64, 'PO', 'PO-0035', '2024-07-15', 30, 1, 130.00, 1, 1),
(65, 'PO', 'PO-0036', '2024-07-15', 2, 1, 150.00, 1, 1),
(66, 'PO', 'PO-0037', '2024-07-16', 2, 1, 10.00, 1, 1),
(67, 'PO', 'PO-0037', '2024-07-16', 3, 1, 100.00, 1, 1),
(68, 'PO', 'PO-0041', '2024-07-16', 29, 1, 10.00, 1, 1),
(69, 'PO', 'PO-0044', '2024-07-24', 27, 1, 120.00, 1, 1),
(70, 'TRF', 'TRF-0007', '2024-07-25', 3, 1, 200.00, 2, 2),
(71, 'PO', 'PO-0042', '2024-07-28', 2, 0, 150.00, 1, 1),
(72, 'PO', 'PO-0042', '2024-07-28', 3, 0, 500.00, 1, 1),
(73, 'PO', 'PO-0042', '2024-07-28', 28, 0, 180.00, 1, 1),
(74, 'PO', 'PO-0042', '2024-07-28', 31, 0, 190.00, 1, 1),
(76, 'TRF', 'TRF-0009', '2024-07-29', 2, 1, 150.00, 1, 2),
(77, 'PO', 'PO-0052', '2024-07-29', 2, 1, 150.00, 1, 1),
(78, 'PO', 'PO-0052', '2024-07-29', 3, 1, 200.00, 1, 1),
(79, 'TRF', 'TRF-0019', '2024-07-29', 1, 1, 100.00, 2, 3),
(80, 'TRF', 'TRF-0017', '2024-07-29', 1, 1, 100.00, 2, 3),
(81, 'PO', 'PO-0053', '2024-07-29', 28, 3, 180.00, 1, 1),
(82, 'PO', 'PO-0053', '2024-07-29', 30, 1, 130.00, 1, 1),
(83, 'TRF', 'TRF-0010', '2024-07-29', 1, 1, 100.00, 2, 1),
(84, 'TRF', 'TRF-0020', '2024-07-29', 1, 1, 100.00, 2, 3),
(85, 'TRF', 'TRF-0020', '2024-07-29', 3, 1, 200.00, 2, 3),
(86, 'TRF', 'TRF-0020', '2024-07-29', 27, 1, 120.00, 2, 3),
(87, 'PO', 'PO-0054', '2024-08-02', 3, 1, 200.00, 1, 1),
(88, 'PO', 'PO-0054', '2024-08-02', 35, 10, 230.00, 1, 1),
(89, 'PO', 'PO-0058', '2024-08-02', 3, 0, 200.00, 1, 1),
(90, 'PO', 'PO-0058', '2024-08-02', 29, 1, 220.00, 1, 1),
(91, 'PO', 'PO-0058', '2024-08-02', 31, 1, 190.00, 1, 1),
(92, 'PO', 'PO-0058', '2024-08-02', 3, 0, 200.00, 1, 1),
(93, 'PO', 'PO-0058', '2024-08-02', 29, 1, 220.00, 1, 1),
(94, 'PO', 'PO-0058', '2024-08-02', 31, 1, 190.00, 1, 1),
(95, 'PO', 'PO-0055', '2024-08-02', 3, 1, 200.00, 1, 1),
(96, 'TRF', 'TRF-0024', '2024-08-02', 42, 1, 170.00, 2, 3),
(97, 'TRF', 'TRF-0024', '2024-08-02', 42, 1, 170.00, 2, 3),
(98, 'PO', 'PO-0062', '2024-08-03', 36, 50, 150.00, 1, 1),
(99, 'PO', 'PO-0063', '2024-08-03', 28, 30, 180.00, 1, 1),
(100, 'PO', 'PO-0063', '2024-08-03', 36, 10, 150.00, 1, 1),
(101, 'PO', 'PO-0064', '2024-08-03', 28, 30, 180.00, 1, 1),
(102, 'PO', 'PO-0064', '2024-08-03', 31, 15, 190.00, 1, 1),
(103, 'PO', 'PO-0064', '2024-08-03', 36, 40, 150.00, 1, 1),
(104, 'PO', 'PO-0065', '2024-08-03', 36, 18, 150.00, 1, 1),
(105, 'PO', 'PO-0066', '2024-08-03', 2, 5, 150.00, 1, 1),
(106, 'PO', 'PO-0066', '2024-08-03', 36, 15, 150.00, 1, 1),
(107, 'PO', 'PO-0068', '2024-08-03', 36, 30, 150.00, 1, 3),
(108, 'PO', 'PO-0069', '2024-08-03', 41, 10, 250.00, 2, 3),
(109, 'PO', 'PO-0070', '2024-08-03', 27, 15, 120.00, 2, 3),
(110, 'PO', 'PO-0070', '2024-08-03', 41, 5, 250.00, 2, 3),
(111, 'TRF', 'TRF-0027', '2024-08-03', 31, 1, 190.00, 1, 3),
(112, 'TRF', 'TRF-0027', '2024-08-03', 36, 1, 150.00, 1, 3),
(113, 'TRF', 'TRF-0022', '2024-08-03', 36, 1, 150.00, 1, 2),
(114, 'TRF', 'TRF-0022', '2024-08-03', 41, 1, 250.00, 1, 2),
(115, 'TRF', 'TRF-0028', '2024-08-03', 2, 5, 150.00, 1, 3),
(116, 'TRF', 'TRF-0028', '2024-08-03', 36, 32, 150.00, 1, 3);

--
-- Triggers `transactions`
--
DELIMITER $$
CREATE TRIGGER `trg_UpdateItemAvailability_PO` AFTER INSERT ON `transactions` FOR EACH ROW BEGIN
    -- Procesar tipo de transaccin 'PO' (Purchase Order)
    IF NEW.Type = 'PO' THEN
        -- Actualizar la cantidad en el almacn de destino
        UPDATE item_availabilities
        SET Quantity = Quantity + NEW.Quantity
        WHERE Product_ID = NEW.Product_ID
          AND Warehouse_ID = NEW.Destination_ID;

        -- Verificar si se actualiz alguna fila
        IF ROW_COUNT() = 0 THEN
            -- Si no se actualiz ninguna fila, insertar una nueva entrada
            INSERT INTO item_availabilities (Product_ID, Warehouse_ID, Quantity)
            VALUES (NEW.Product_ID, NEW.Destination_ID, NEW.Quantity);
        END IF;
    END IF;
    
    -- Procesar tipo de transaccin 'TRF' (Transfers Order)
    IF NEW.Type = 'TRF' THEN
        -- Actualizar la cantidad en el almacn de destino
        UPDATE item_availabilities
        SET Quantity = Quantity - NEW.Quantity
        WHERE Product_ID = NEW.Product_ID
          AND Warehouse_ID = NEW.Origin_ID;
          
        UPDATE item_availabilities
        SET Quantity = Quantity + NEW.Quantity
        WHERE Product_ID = NEW.Product_ID
          AND Warehouse_ID = NEW.Destination_ID;

        -- Verificar si se actualiz alguna fila
        IF ROW_COUNT() = 0 THEN
            -- Si no se actualiz ninguna fila, insertar una nueva entrada
            INSERT INTO item_availabilities (Product_ID, Warehouse_ID, Quantity)
            VALUES (NEW.Product_ID, NEW.Destination_ID, NEW.Quantity);
        END IF;
    END IF;
    
    
    
    
    
    
END
$$
DELIMITER ;

-- --------------------------------------------------------

--
-- Table structure for table `transaction_system`
--

CREATE TABLE `transaction_system` (
  `Log_ID` int NOT NULL,
  `User_ID` int NOT NULL,
  `Module_ID` int NOT NULL,
  `Action_Type` varchar(50) COLLATE utf8mb4_general_ci NOT NULL,
  `Table_Name` varchar(50) COLLATE utf8mb4_general_ci NOT NULL,
  `Action_Date` datetime NOT NULL,
  `Details` varchar(250) CHARACTER SET utf8mb4 COLLATE utf8mb4_general_ci DEFAULT NULL
) ENGINE=InnoDB DEFAULT CHARSET=utf8mb4 COLLATE=utf8mb4_general_ci;

--
-- Dumping data for table `transaction_system`
--

INSERT INTO `transaction_system` (`Log_ID`, `User_ID`, `Module_ID`, `Action_Type`, `Table_Name`, `Action_Date`, `Details`) VALUES
(4, 42, 1, 'UPDATE', 'user', '2024-08-03 10:40:17', 'Address was changed; '),
(5, 42, 1, 'UPDATE', 'user', '2024-08-03 10:42:08', 'Address was changed '),
(6, 42, 1, 'DELETE', 'user', '2024-08-03 10:49:29', 'User was Deleted'),
(7, 42, 1, 'UPDATE', 'user', '2024-08-03 10:56:42', 'The User was Activated '),
(8, 72, 1, 'INSERT', 'user', '2024-08-03 11:00:44', 'New User'),
(9, 25, 1, 'DELETE', 'user', '2024-08-03 11:16:31', 'User was Deleted'),
(10, 25, 1, 'UPDATE', 'user', '2024-08-03 11:16:43', 'The User was Activated '),
(11, 42, 1, 'DELETE', 'user', '2024-08-03 11:17:41', 'User was Deleted'),
(12, 42, 1, 'UPDATE', 'user', '2024-08-03 11:17:45', 'The User was Activated '),
(13, 42, 1, 'DELETE', 'user', '2024-08-03 11:17:55', 'User was Deleted'),
(14, 42, 1, 'UPDATE', 'user', '2024-08-03 11:18:00', 'The User was Activated '),
(15, 73, 1, 'INSERT', 'user', '2024-08-03 18:50:04', 'New User was created'),
(16, 70, 3, 'INSERT', 'orders', '2024-08-03 19:34:49', 'New Order Created with ID: 71'),
(17, 70, 3, 'UPDATE', 'orders', '2024-08-03 19:36:33', 'Order Updated with ID: 71'),
(18, 42, 1, 'DELETE', 'user', '2024-08-03 23:34:24', 'User was Deleted'),
(19, 42, 1, 'UPDATE', 'user', '2024-08-03 23:41:16', 'The User was Activated '),
(20, 5, 1, 'UPDATE', 'user', '2024-08-04 18:31:00', 'The User was Activated ');

-- --------------------------------------------------------

--
-- Table structure for table `transfers`
--

CREATE TABLE `transfers` (
  `Transfer_ID` int NOT NULL,
  `Transfer_Number` varchar(50) COLLATE utf8mb4_general_ci NOT NULL,
  `Transfer_Date` date NOT NULL,
  `Transfer_Status` enum('Open','Cancelled','In-Progress','Completed') COLLATE utf8mb4_general_ci NOT NULL,
  `Warehouse_Origin` int NOT NULL,
  `User_ID_Responsable` int NOT NULL,
  `Warehouse_Destination` int NOT NULL,
  `Reference` varchar(100) COLLATE utf8mb4_general_ci DEFAULT NULL,
  `Delivery_Date` date DEFAULT NULL
) ENGINE=InnoDB DEFAULT CHARSET=utf8mb4 COLLATE=utf8mb4_general_ci;

--
-- Dumping data for table `transfers`
--

INSERT INTO `transfers` (`Transfer_ID`, `Transfer_Number`, `Transfer_Date`, `Transfer_Status`, `Warehouse_Origin`, `User_ID_Responsable`, `Warehouse_Destination`, `Reference`, `Delivery_Date`) VALUES
(9, 'TRF-0009', '2024-07-26', 'Completed', 1, 38, 2, 'REF#-0009', '2024-07-29'),
(16, 'TRF-0010', '2024-07-29', 'Completed', 2, 38, 1, 'REF#-0010', '2024-08-01'),
(17, 'TRF-0017', '2024-07-29', 'Completed', 2, 38, 3, 'REF#-0017', '2024-08-01'),
(18, 'TRF-0018', '2024-07-29', 'Cancelled', 2, 38, 3, 'REF#-0018', '2024-08-01'),
(19, 'TRF-0019', '2024-07-29', 'Completed', 2, 38, 3, 'REF#-0019', '2024-08-01'),
(20, 'TRF-0020', '2024-07-29', 'Completed', 2, 38, 3, 'REF#-0020', '2024-08-01'),
(21, 'TRF-0021', '2024-07-30', 'Cancelled', 1, 38, 2, 'REF#-0021', '2024-08-02'),
(22, 'TRF-0022', '2024-07-30', 'Completed', 1, 54, 2, 'REF#-0022', '2024-08-02'),
(23, 'TRF-0023', '2024-08-02', 'Cancelled', 1, 70, 3, 'REF#-0023', '2024-08-05'),
(25, 'TRF-0024', '2024-08-02', 'Completed', 2, 70, 3, 'REF#-0024', '2024-08-05'),
(26, 'TRF-0026', '2024-08-03', 'Cancelled', 2, 70, 3, 'REF#-0026', '2024-08-06'),
(27, 'TRF-0027', '2024-08-03', 'Completed', 1, 70, 3, 'REF#-0027', '2024-08-06'),
(28, 'TRF-0028', '2024-08-03', 'Completed', 1, 70, 3, 'REF#-0028', '2024-08-06');

-- --------------------------------------------------------

--
-- Table structure for table `user`
--

CREATE TABLE `user` (
  `user_id` int NOT NULL,
  `FirstName` varchar(100) COLLATE utf8mb4_general_ci NOT NULL,
  `Lastname` varchar(100) COLLATE utf8mb4_general_ci NOT NULL,
  `Status` enum('ON','OFF') COLLATE utf8mb4_general_ci DEFAULT 'ON',
  `Useractivacion` date NOT NULL,
  `Userdeactivacion` date DEFAULT NULL,
  `email` varchar(100) COLLATE utf8mb4_general_ci NOT NULL,
  `Cellphone` varchar(20) COLLATE utf8mb4_general_ci NOT NULL,
  `Address` varchar(255) COLLATE utf8mb4_general_ci NOT NULL,
  `username` varchar(255) COLLATE utf8mb4_general_ci NOT NULL,
  `password` varchar(255) COLLATE utf8mb4_general_ci NOT NULL
) ENGINE=InnoDB DEFAULT CHARSET=utf8mb4 COLLATE=utf8mb4_general_ci;

--
-- Dumping data for table `user`
--

INSERT INTO `user` (`user_id`, `FirstName`, `Lastname`, `Status`, `Useractivacion`, `Userdeactivacion`, `email`, `Cellphone`, `Address`, `username`, `password`) VALUES
(5, 'Sakuni1', 'Kuruppuarachchi', 'ON', '2024-07-17', NULL, 'kad.sakun@gmail.com', '5367793', 'Carrera 113b 145 39 Apto 302', 'SAKUNI', '$2y$10$/Z3Yd2VGtQZOA97B3rzozuFmxV41IY7hKfWpN3HA89jgAF/hscQXC'),
(16, 'Ronald', 'Mandapat', 'ON', '2024-07-27', NULL, 'tapdamang@gmail.com', '5191112345', 'Fanshawe South Campus', 'tapdamang', '$2y$10$3Y5er/mKssTc/QBM.nRSUORMAjp87X6YXHA/2Btj.Fxm8GxX7u/gW'),
(25, 'Sakuni', 'Kuruppuarachi', 'ON', '2024-07-28', NULL, 'kad.sakuni@gmail.com', '5196618682', '286 King St', 'sak', '$2y$10$oCDdspM4SHMG7lxq2t6W..5/zj88c5nyK5fbkXh65YcJfmwmlr/0W'),
(39, 'Manager', 'SyncroStock', 'ON', '2024-07-28', NULL, 'manager@syncrostock.com', '12345678', '1234 Street', 'manager', '$2y$10$Mom/Ho.oAl0UVw41M9r80OxdqAz0bZCOUbPS6Ie58e26wtrXlULrq'),
(40, 'Employee', 'Syncrostock', 'ON', '2024-07-28', NULL, 'employee@syncrostock.com', '12345678', '1234 stree', 'employee', '$2y$10$Ju2lOe0FWgd4.J2X6vxkfun38lAQ3aLZZNKy.e2l7Dz5EKBcZJ3A6'),
(41, 'Vincent', 'Enriquez', 'ON', '2024-07-28', NULL, 'tapjapman@gmail.com', '15195558888', 'South Campus', 'tapjapman', '$2y$10$bSvQRh1ruqUuG67EYHudZuDa1SVxdK7MvpehAt2HXba7xi2ZoF0N.'),
(42, 'Jude', 'Mac', 'ON', '2024-07-28', NULL, 'judepps@gmail.com', '21324-4368', '1234 Main Sts', 'jude_mac', '$2y$10$lhTAe96vzSSs3w.bWtK66u6lpgI4skkbrH3ASKw.t4Nq.ZtGFLBHS'),
(43, 'Report', 'User', 'ON', '2024-07-28', NULL, 'report_user@syncrostock.com', '354677879', '1600 Main Rd', 'report_user', '$2y$10$E3BZYvIt/IPIIIJOOpDZ4uAWrvgdK0JI0EfmEra9WUAE66cCX8bem'),
(44, 'Basic', 'User', 'ON', '2024-07-28', NULL, 'basic@syncrostock.com', '4235467', '145 Street Ave', 'basic_user', '$2y$10$0EZBRrmn9KkZjybYXleqneXyYAvsf2q2XzTgrvmYbclfRQVXnsnHy'),
(54, 'Manager ', '2', 'ON', '2024-07-30', NULL, 'manager2@syncrostock.com', '1234567', '0098 Street', 'manager2', '$2y$10$N1GkUaytlgMy76VyZnoqMezToCFtPoF5ztx3pb8Q3PvOhafyuQRsy'),
(70, 'Syncro', 'Stock', 'ON', '2024-08-02', NULL, 'admin@syncrostock.com', '4375572220', 'SyncroStock', 'admin', '$2y$10$W22wwUR0s86umW6Q2OjnfuHoCmR3yy1xekOgllFqYPfBNpSATSDoq'),
(71, 'John', 'Doe', 'OFF', '2024-08-03', NULL, 'john@gmail.com', '6478976743', '567 Main Street LOndon', 'johnd', '$2y$10$T9ez44UlkrU9apNC9uCBB.2doL4MeOpv2bqGPoTctZH9fOdRSOquK'),
(72, 'Test 5000', 'Test 5000', 'ON', '2024-08-03', NULL, '5000@prueba.com', 'Test 5000', '12345', 'Test5000', '$2y$10$30YeF0Z3vvDy7XJhodgCGuXqjJ2sqQSxHmjrbpnd5lraBpbbPuk0O'),
(73, 'Pramisha', 'GC', 'ON', '2024-08-03', NULL, 'pram@gmail.com', '2674782752', '123 main street', 'pram', '$2y$10$SQ3DTZ1v32f.yxNypbuQg.QC4R2uE7HhHGVCcYxJYg3I38lTVf84O');

--
-- Triggers `user`
--
DELIMITER $$
CREATE TRIGGER `trg_AuditUserDeleted` AFTER UPDATE ON `user` FOR EACH ROW BEGIN
    -- Verificar si el estado del usuario ha cambiado a 'OFF'
    IF OLD.Status <> NEW.Status AND NEW.Status = 'OFF' THEN 
        INSERT INTO transaction_system (User_ID, Module_ID, Action_Type, Table_Name, Action_Date, Details)
        VALUES (NEW.user_id, '1', 'DELETE', 'user', NOW(),'User was Deleted');
    END IF;
END
$$
DELIMITER ;
DELIMITER $$
CREATE TRIGGER `trg_AuditUserFieldChange` AFTER UPDATE ON `user` FOR EACH ROW BEGIN
    DECLARE field_changes TEXT;
    SET field_changes = '';

    -- Comparar cada campo y concatenar los cambios en una cadena
    IF OLD.Lastname <> NEW.Lastname THEN
        SET field_changes = CONCAT(field_changes, 'Lastname was changed ');
    END IF;
    
    IF OLD.FirstName <> NEW.FirstName THEN
        SET field_changes = CONCAT(field_changes, 'FirstName was changed ');
    END IF;
    
    IF OLD.Useractivacion <> NEW.Useractivacion THEN
        SET field_changes = CONCAT(field_changes, 'Useractivation was changed ');
    END IF;
    
     IF OLD.Userdeactivacion <> NEW.Userdeactivacion THEN
        SET field_changes = CONCAT(field_changes, 'Userdeactivation was changed ');
    END IF;
    
     IF OLD.username <> NEW.username THEN
        SET field_changes = CONCAT(field_changes, 'Username was changed ');
    END IF;
    
     IF OLD.password <> NEW.password THEN
        SET field_changes = CONCAT(field_changes, 'Password was changed ');
    END IF;
    
     IF OLD.email <> NEW.email THEN
        SET field_changes = CONCAT(field_changes, 'email changed ');
    END IF;
    
     IF OLD.Address <> NEW.Address THEN
        SET field_changes = CONCAT(field_changes, 'Address was changed ');
    END IF;
  
    IF OLD.Status <> NEW.Status AND NEW.Status = 'ON' THEN 
      SET field_changes = CONCAT(field_changes, 'The User was Activated ');
    END IF;
       
    -- Solo inserta si hay cambios en otros campos
    IF field_changes <> '' THEN
        INSERT INTO transaction_system (User_ID, Module_ID, Action_Type, Table_Name, Action_Date, Details)
        VALUES (NEW.user_id, '1','UPDATE', 'user', NOW(), field_changes);
    END IF;
END
$$
DELIMITER ;
DELIMITER $$
CREATE TRIGGER `trg_AuditUserInsert` AFTER INSERT ON `user` FOR EACH ROW BEGIN
    INSERT INTO transaction_system (User_ID, Module_ID, Action_Type, Table_Name, Action_Date,Details)
    VALUES (NEW.user_id, '1', 'INSERT', 'user', NOW(),'New User was created');
END
$$
DELIMITER ;

-- --------------------------------------------------------

--
-- Table structure for table `user_roles`
--

CREATE TABLE `user_roles` (
  `user_id` int DEFAULT NULL,
  `role_id` int DEFAULT NULL
) ENGINE=InnoDB DEFAULT CHARSET=utf8mb4 COLLATE=utf8mb4_unicode_520_ci;

--
-- Dumping data for table `user_roles`
--

INSERT INTO `user_roles` (`user_id`, `role_id`) VALUES
(5, 1),
(16, 2),
(25, 1),
(39, 2),
(40, 3),
(41, 1),
(42, 2),
(43, 5),
(44, 3),
(46, 3),
(54, 1),
(70, 1),
(71, 2),
(72, 3),
(73, 3);

-- --------------------------------------------------------

--
-- Table structure for table `Warehouses`
--

CREATE TABLE `Warehouses` (
  `Warehouse_ID` int NOT NULL,
  `Warehouse_Name` varchar(255) COLLATE utf8mb4_general_ci NOT NULL,
  `Address` varchar(255) CHARACTER SET utf8mb4 COLLATE utf8mb4_general_ci NOT NULL,
  `City` varchar(50) COLLATE utf8mb4_general_ci NOT NULL,
  `Province` varchar(50) COLLATE utf8mb4_general_ci NOT NULL,
  `Postal_Code` varchar(50) COLLATE utf8mb4_general_ci NOT NULL,
  `Country` varchar(50) COLLATE utf8mb4_general_ci NOT NULL,
  `Phone` varchar(20) COLLATE utf8mb4_general_ci NOT NULL,
  `Fax` varchar(20) COLLATE utf8mb4_general_ci DEFAULT NULL,
  `wh_user_manager_id` int NOT NULL,
  `Status` varchar(10) CHARACTER SET utf8mb4 COLLATE utf8mb4_general_ci NOT NULL
) ENGINE=InnoDB DEFAULT CHARSET=utf8mb4 COLLATE=utf8mb4_general_ci;

--
-- Dumping data for table `Warehouses`
--

INSERT INTO `Warehouses` (`Warehouse_ID`, `Warehouse_Name`, `Address`, `City`, `Province`, `Postal_Code`, `Country`, `Phone`, `Fax`, `wh_user_manager_id`, `Status`) VALUES
(1, 'Distribution Center', '123 Warehouse St.', 'Toronto', 'Ontario', '54321', 'Canada', '987-654-3210', '', 40, 'Active'),
(2, 'London', '456 Warehouse St.', 'London', 'Ontario', '12345', 'Canada', '123-456-7890', '789-456-1230', 54, 'Active'),
(3, 'Sarnia', '6789 Street', 'Sarnia', 'Ontario', '67890', 'Canada', '0102030456', '', 16, 'Active');

-- --------------------------------------------------------

--
-- Table structure for table `Warehouse_by_user`
--

CREATE TABLE `Warehouse_by_user` (
  `user_id` int NOT NULL,
  `Warehouse_ID` int NOT NULL
) ENGINE=InnoDB DEFAULT CHARSET=utf8mb4 COLLATE=utf8mb4_general_ci;

--
-- Dumping data for table `Warehouse_by_user`
--

INSERT INTO `Warehouse_by_user` (`user_id`, `Warehouse_ID`) VALUES
(5, 3),
(16, 1),
(25, 1),
(38, 1),
(38, 2),
(39, 1),
(40, 2),
(41, 2),
(42, 2),
(43, 1),
(44, 2),
(54, 2),
(57, 3),
(69, 2),
(70, 1),
(71, 2),
(72, 3),
(73, 2);

--
-- Indexes for dumped tables
--

--
-- Indexes for table `companies`
--
ALTER TABLE `companies`
  ADD PRIMARY KEY (`company_id`);

--
-- Indexes for table `details_orders`
--
ALTER TABLE `details_orders`
  ADD PRIMARY KEY (`Detail_ID`),
  ADD KEY `fk_details_orders_orders` (`Order_Number`),
  ADD KEY `fk_details_orders_products` (`Product_ID`);

--
-- Indexes for table `details_transfer`
--
ALTER TABLE `details_transfer`
  ADD PRIMARY KEY (`Detail_ID`),
  ADD KEY `fk_details_transfer_orders` (`transfer_Number`),
  ADD KEY `fk_details_transfer_products` (`Product_ID`);

--
-- Indexes for table `item_availabilities`
--
ALTER TABLE `item_availabilities`
  ADD PRIMARY KEY (`Item_Availability_ID`),
  ADD KEY `fk_item_availabilities_products` (`Product_ID`),
  ADD KEY `fk_item_availabilities_warehouses` (`Warehouse_ID`);

--
-- Indexes for table `modules`
--
ALTER TABLE `modules`
  ADD PRIMARY KEY (`module_id`);

--
-- Indexes for table `orders`
--
ALTER TABLE `orders`
  ADD PRIMARY KEY (`Order_ID`),
  ADD UNIQUE KEY `Order_Number_UNIQUE` (`Order_Number`),
  ADD KEY `fk_orders_warehouses` (`Warehouse_ID`),
  ADD KEY `fk_orders_users` (`User_ID_Responsable`),
  ADD KEY `fk_orders_suppliers` (`Supplier_ID`);

--
-- Indexes for table `Products`
--
ALTER TABLE `Products`
  ADD PRIMARY KEY (`Product_ID`),
  ADD KEY `fk_Products_categories` (`Category_ID`),
  ADD KEY `fk_Products_suppliers` (`Supplier_ID`);

--
-- Indexes for table `Product_Categories`
--
ALTER TABLE `Product_Categories`
  ADD PRIMARY KEY (`Category_ID`);

--
-- Indexes for table `roles`
--
ALTER TABLE `roles`
  ADD PRIMARY KEY (`role_id`);

--
-- Indexes for table `roles_modules`
--
ALTER TABLE `roles_modules`
  ADD PRIMARY KEY (`role_id`,`module_id`),
  ADD KEY `fk_roles_modules_modules` (`module_id`);

--
-- Indexes for table `Suppliers`
--
ALTER TABLE `Suppliers`
  ADD PRIMARY KEY (`Supplier_ID`);

--
-- Indexes for table `transactions`
--
ALTER TABLE `transactions`
  ADD PRIMARY KEY (`Transaction_ID`),
  ADD KEY `fk_transactions_products` (`Product_ID`),
  ADD KEY `fk_transactions_origin_warehouse` (`Origin_ID`),
  ADD KEY `fk_transactions_destination_warehouse` (`Destination_ID`);

--
-- Indexes for table `transaction_system`
--
ALTER TABLE `transaction_system`
  ADD PRIMARY KEY (`Log_ID`),
  ADD KEY `fk_transaction_system_users` (`User_ID`),
  ADD KEY `fk_transaction_system_modules` (`Module_ID`);

--
-- Indexes for table `transfers`
--
ALTER TABLE `transfers`
  ADD PRIMARY KEY (`Transfer_ID`),
  ADD UNIQUE KEY `Transfer_Number_UNIQUE` (`Transfer_Number`),
  ADD KEY `fk_Transfer_warehouses` (`Warehouse_Origin`),
  ADD KEY `fk_Transfer_users` (`User_ID_Responsable`);

--
-- Indexes for table `user`
--
ALTER TABLE `user`
  ADD PRIMARY KEY (`user_id`),
  ADD UNIQUE KEY `email` (`email`),
  ADD UNIQUE KEY `username` (`username`);

--
-- Indexes for table `Warehouses`
--
ALTER TABLE `Warehouses`
  ADD PRIMARY KEY (`Warehouse_ID`);

--
-- Indexes for table `Warehouse_by_user`
--
ALTER TABLE `Warehouse_by_user`
  ADD PRIMARY KEY (`Warehouse_ID`,`user_id`),
  ADD KEY `fk_warehouse_user_user` (`user_id`);

--
-- AUTO_INCREMENT for dumped tables
--

--
-- AUTO_INCREMENT for table `companies`
--
ALTER TABLE `companies`
  MODIFY `company_id` int NOT NULL AUTO_INCREMENT, AUTO_INCREMENT=2;

--
-- AUTO_INCREMENT for table `details_orders`
--
ALTER TABLE `details_orders`
  MODIFY `Detail_ID` int NOT NULL AUTO_INCREMENT, AUTO_INCREMENT=400;

--
-- AUTO_INCREMENT for table `details_transfer`
--
ALTER TABLE `details_transfer`
  MODIFY `Detail_ID` int NOT NULL AUTO_INCREMENT, AUTO_INCREMENT=60;

--
-- AUTO_INCREMENT for table `item_availabilities`
--
ALTER TABLE `item_availabilities`
  MODIFY `Item_Availability_ID` int NOT NULL AUTO_INCREMENT, AUTO_INCREMENT=14;

--
-- AUTO_INCREMENT for table `modules`
--
ALTER TABLE `modules`
  MODIFY `module_id` int NOT NULL AUTO_INCREMENT, AUTO_INCREMENT=4;

--
-- AUTO_INCREMENT for table `orders`
--
ALTER TABLE `orders`
  MODIFY `Order_ID` int NOT NULL AUTO_INCREMENT, AUTO_INCREMENT=72;

--
-- AUTO_INCREMENT for table `Products`
--
ALTER TABLE `Products`
  MODIFY `Product_ID` int NOT NULL AUTO_INCREMENT, AUTO_INCREMENT=83;

--
-- AUTO_INCREMENT for table `Product_Categories`
--
ALTER TABLE `Product_Categories`
  MODIFY `Category_ID` int NOT NULL AUTO_INCREMENT, AUTO_INCREMENT=19;

--
-- AUTO_INCREMENT for table `roles`
--
ALTER TABLE `roles`
  MODIFY `role_id` int NOT NULL AUTO_INCREMENT, AUTO_INCREMENT=12;

--
-- AUTO_INCREMENT for table `Suppliers`
--
ALTER TABLE `Suppliers`
  MODIFY `Supplier_ID` int NOT NULL AUTO_INCREMENT, AUTO_INCREMENT=16;

--
-- AUTO_INCREMENT for table `transactions`
--
ALTER TABLE `transactions`
  MODIFY `Transaction_ID` int NOT NULL AUTO_INCREMENT, AUTO_INCREMENT=117;

--
-- AUTO_INCREMENT for table `transaction_system`
--
ALTER TABLE `transaction_system`
  MODIFY `Log_ID` int NOT NULL AUTO_INCREMENT, AUTO_INCREMENT=21;

--
-- AUTO_INCREMENT for table `transfers`
--
ALTER TABLE `transfers`
  MODIFY `Transfer_ID` int NOT NULL AUTO_INCREMENT, AUTO_INCREMENT=29;

--
-- AUTO_INCREMENT for table `user`
--
ALTER TABLE `user`
  MODIFY `user_id` int NOT NULL AUTO_INCREMENT, AUTO_INCREMENT=74;

--
-- AUTO_INCREMENT for table `Warehouses`
--
ALTER TABLE `Warehouses`
  MODIFY `Warehouse_ID` int NOT NULL AUTO_INCREMENT, AUTO_INCREMENT=4;

--
-- Constraints for dumped tables
--

--
-- Constraints for table `details_orders`
--
ALTER TABLE `details_orders`
  ADD CONSTRAINT `fk_details_orders_orders` FOREIGN KEY (`Order_Number`) REFERENCES `orders` (`Order_Number`),
  ADD CONSTRAINT `fk_details_orders_products` FOREIGN KEY (`Product_ID`) REFERENCES `Products` (`Product_ID`);

--
-- Constraints for table `details_transfer`
--
ALTER TABLE `details_transfer`
  ADD CONSTRAINT `fk_details_transcer_products` FOREIGN KEY (`Product_ID`) REFERENCES `Products` (`Product_ID`),
  ADD CONSTRAINT `fk_details_transfer_transfer` FOREIGN KEY (`transfer_Number`) REFERENCES `transfers` (`Transfer_Number`);

--
-- Constraints for table `item_availabilities`
--
ALTER TABLE `item_availabilities`
  ADD CONSTRAINT `fk_item_availabilities_products` FOREIGN KEY (`Product_ID`) REFERENCES `Products` (`Product_ID`),
  ADD CONSTRAINT `fk_item_availabilities_warehouses` FOREIGN KEY (`Warehouse_ID`) REFERENCES `Warehouses` (`Warehouse_ID`);

--
-- Constraints for table `orders`
--
ALTER TABLE `orders`
  ADD CONSTRAINT `fk_orders_suppliers` FOREIGN KEY (`Supplier_ID`) REFERENCES `Suppliers` (`Supplier_ID`),
  ADD CONSTRAINT `fk_orders_users` FOREIGN KEY (`User_ID_Responsable`) REFERENCES `user` (`user_id`),
  ADD CONSTRAINT `fk_orders_warehouses` FOREIGN KEY (`Warehouse_ID`) REFERENCES `Warehouses` (`Warehouse_ID`);

--
-- Constraints for table `Products`
--
ALTER TABLE `Products`
  ADD CONSTRAINT `fk_Products_categories` FOREIGN KEY (`Category_ID`) REFERENCES `Product_Categories` (`Category_ID`),
  ADD CONSTRAINT `fk_Products_suppliers` FOREIGN KEY (`Supplier_ID`) REFERENCES `Suppliers` (`Supplier_ID`);

--
-- Constraints for table `roles_modules`
--
ALTER TABLE `roles_modules`
  ADD CONSTRAINT `fk_roles_modules_modules` FOREIGN KEY (`module_id`) REFERENCES `modules` (`module_id`),
  ADD CONSTRAINT `fk_roles_modules_roles` FOREIGN KEY (`role_id`) REFERENCES `roles` (`role_id`);

--
-- Constraints for table `transactions`
--
ALTER TABLE `transactions`
  ADD CONSTRAINT `fk_transactions_destination_warehouse` FOREIGN KEY (`Destination_ID`) REFERENCES `Warehouses` (`Warehouse_ID`),
  ADD CONSTRAINT `fk_transactions_origin_warehouse` FOREIGN KEY (`Origin_ID`) REFERENCES `Warehouses` (`Warehouse_ID`),
  ADD CONSTRAINT `fk_transactions_products` FOREIGN KEY (`Product_ID`) REFERENCES `Products` (`Product_ID`);

--
-- Constraints for table `transaction_system`
--
ALTER TABLE `transaction_system`
  ADD CONSTRAINT `fk_transaction_system_modules` FOREIGN KEY (`Module_ID`) REFERENCES `modules` (`module_id`),
  ADD CONSTRAINT `fk_transaction_system_users` FOREIGN KEY (`User_ID`) REFERENCES `user` (`user_id`);

--
-- Constraints for table `transfers`
--
ALTER TABLE `transfers`
  ADD CONSTRAINT `fk_transfer_users` FOREIGN KEY (`User_ID_Responsable`) REFERENCES `user` (`user_id`),
  ADD CONSTRAINT `fk_transfer_warehouses` FOREIGN KEY (`Warehouse_Origin`) REFERENCES `Warehouses` (`Warehouse_ID`);

--
-- Constraints for table `Warehouse_by_user`
--
ALTER TABLE `Warehouse_by_user`
  ADD CONSTRAINT `fk_warehouse_user_user` FOREIGN KEY (`user_id`) REFERENCES `user` (`user_id`),
  ADD CONSTRAINT `fk_warehouse_user_warehouse` FOREIGN KEY (`Warehouse_ID`) REFERENCES `Warehouses` (`Warehouse_ID`);
COMMIT;

/*!40101 SET CHARACTER_SET_CLIENT=@OLD_CHARACTER_SET_CLIENT */;
/*!40101 SET CHARACTER_SET_RESULTS=@OLD_CHARACTER_SET_RESULTS */;
/*!40101 SET COLLATION_CONNECTION=@OLD_COLLATION_CONNECTION */;
